{
  "id": "37902b9f-5de3-4c01-bf47-2781d88db083",
  "songId": "347696de-4291-4522-8a51-84927ed8129c",
  "label": "gen/index.html",
  "content": "<html>\n  <head>\n    <title>Bitter Wind March</title>\n    <meta charset=\"utf-8\">\n\t<meta name=\"viewport\" content=\"width=device-width initial-scale=1.0\">\n    <link rel=stylesheet href=../../../theme.css>\n    <script src='../../../theme-switcher.js'></script>\n    <meta property='og:image' content='https://secularsolstice.github.io/songs/Bitter_Wind_March/gen/thumb.png' />\n    <meta name='twitter:image' content='https://secularsolstice.github.io/songs/Bitter_Wind_March/gen/thumb.png' />\n    <meta property='og:title' content='Bitter Wind March' />\n    <meta property='og:description' content=' By Raymond Arnold //  A return to Bitter Wind Blown, but with determination to do something about it // Musically, this song is a reprise of [Bitter Wind // ' />\n  </head>  <body> \n    <div class=header>\n      <a href=\"/\">Home</a>\n      <a href=\"/lists/gen/All_Songs.html\">Songs</a>\n      <a href=\"/lists/gen/All_Speeches.html\">Speeches</a>\n      <a href=\"/misc/gen/Programs.html\">Programs</a>\n    </div>\n<div class=notes>\n<h1 id=\"bitter-wind-march\">Bitter Wind March</h1>\n<h2 id=\"by-raymond-arnold\">By Raymond Arnold</h2>\n<h2 id=\"a-return-to-bitter-wind-blown-but-with-determination-to-do-something-about-it\">A return to Bitter Wind Blown, but with determination to do something about it</h2>\n<p>Musically, this song is a reprise of <a href=\"../../Bitter_Wind_Blown/gen/\">Bitter Wind Blown</a> and it has been known as “Bitter Wind Reprise” in some documents. Conceptually, it introduces a new idea: that instead of asking the sun to save us, we’re going to save ourselves.</p>\n<p>In orchestrating this song, it is important not to let it get too militant or hopeful. That would turn it into a Song of Dawn, and step on Brighter Than Today’s toes.</p>\n<p>The <a href=\"https://www.youtube.com/watch?v=qmKx-NQ6iWU\">NYC 2016 Performance</a> is on Youtube</p>\n<p>This song is available for sale via bandcamp in <a href=\"https://humanistculture.bandcamp.com/\">all three albums</a>.</p>\n<p>A <a href=\"https://www.youtube.com/watch?v=C8fRlZUDpmk\">Bayesian Choir Performance</a> of this song is on Youtube.</p>\n<p><a href=https://github.com/SecularSolstice/SecularSolstice.github.io/edit/master/songs/Bitter_Wind_March/README.md class=editbutton>edit description</a></p>\n</div>\n<h2>Lyrics</h2><p class=lyrics>\n Sun barely rising a-bove the hor-izon<br>\n Little one, little one, bitter wind blown Little one, little one, bitter wind blown<br>\n Flowers are withering, naked bark brittle oh,<br>\n Little one, little one, bitter wind blown Little one, little one, bitter wind blown<br>\n Good folk are gonna die, sun-god ain't shedding tears<br>\n Little one, little one, bitter wind blown<br>\nAnd I just stare at the sky, digging the graves each year<br>\n Little one, little one, bitter wind blown<br>\n Sun, sailing a - way I don't know<br>\n Where... I don’t know why…<br>\n Sky, darkening grey, wishing there<br>\n weren’t so man-y good - byes...<br>\n little one, little one why...<br>\n little one why...<br>\n<br>\n Maybe if we looked a while and found a stone<br>\n Little one, little one, bitter wind blown<br>\n Dragged it a hun-der-ed miles and got it home<br>\n Little one, little one, bitter wind blown<br>\nWe could dig us a henge, raise those bluestones up high<br>\n Little one, little one, bitter wind blown<br>\nIn two hundred years we could look at the sky<br>\n Little one, little one, bitter wind blown<br>\nOur children would know when the winter was coming, oh<br>\n Little one, little one, bitter wind blown<br>\n Looking and laboring, doing what must be done<br>\n Little one, little one, bitter wind blown<br>\n Sun, sailing a - way I don't know<br>\n Where... I don’t know why…<br>\n Sky, darkening grey, wishing there<br>\n weren’t so man-y good - byes...<br>\n<br>\nAnd maybe some good folk are still going to die<br>\n Little one, little one, bitter wind blown<br>\n<br>\nTheir mothers shake helpless with rage and denial<br>\n Little one, little one, bitter wind blown<br>\n<br>\nBut maybe it might be less deep of a sorrow<br>\n Little one, little one, bitter wind blown<br>\n<br>\n Not quite so many graves dug up tomorrow<br>\n Little one, little one, bitter wind blown<br>\n</p>\n<h2>Files</h2><ul>\n<li><a href=Bitter_Wind_March-chord-chart.html>Bitter_Wind_March-chord-chart.html</a>\n<li><a href=Bitter_Wind_March-chord-sheet-2col.pdf>Bitter_Wind_March-chord-sheet-2col.pdf</a>\n<li><a href=Bitter_Wind_March-chord-sheet.pdf>Bitter_Wind_March-chord-sheet.pdf</a>\n<li><a href=Bitter_Wind_March-lyrics.txt>Bitter_Wind_March-lyrics.txt</a>\n<li><a href=thumb.png>thumb.png</a>\n<li><a href=../Bitter_Wind_March-soundcloud.mp3>Bitter_Wind_March-soundcloud.mp3</a>\n<li><a href=../chart.csv>chart.csv</a>\n<a href=https://github.com/SecularSolstice/SecularSolstice.github.io/edit/master/songs/Bitter_Wind_March/chart.csv class=editbutton>edit</a>\n<li><a href=../chord-sheet.cho>chord-sheet.cho</a>\n<a href=https://github.com/SecularSolstice/SecularSolstice.github.io/edit/master/songs/Bitter_Wind_March/chord-sheet.cho class=editbutton>edit</a>\n</ul>\n<a class=rawgit href=https://github.com/SecularSolstice/SecularSolstice.github.io/tree/master/songs/Bitter_Wind_March>Raw Git Folder</a>\n</body></html>\n",
  "audioUrl": null,
  "previousVersionId": null,
  "nextVersionId": null,
  "originalVersionId": "37902b9f-5de3-4c01-bf47-2781d88db083",
  "renderedContent": null,
  "bpm": null,
  "transpose": null,
  "archived": false,
  "createdBy": "secularsolstice-import",
  "createdAt": "2025-12-22T08:31:11.000Z",
  "dbCreatedAt": "2025-12-23T21:09:53.243Z",
  "slidesMovieUrl": null,
  "slideMovieStart": null,
  "slideCredits": null,
  "programCredits": null,
  "blobUrl": null
}