{
  "id": "21788c32-5283-4df5-8976-1afd8ce4aa25",
  "songId": "7fe28590-8f71-424e-bd6e-3cb4bbf840b4",
  "label": "gen/index.html",
  "content": "<html>\n  <head>\n    <title>Baby Genie</title>\n    <meta charset=\"utf-8\">\n\t<meta name=\"viewport\" content=\"width=device-width initial-scale=1.0\">\n    <link rel=stylesheet href=../../../theme.css>\n    <script src='../../../theme-switcher.js'></script>\n    <meta property='og:image' content='https://secularsolstice.github.io/songs/Baby_Genie/gen/thumb.png' />\n    <meta name='twitter:image' content='https://secularsolstice.github.io/songs/Baby_Genie/gen/thumb.png' />\n    <meta property='og:title' content='Baby Genie' />\n    <meta property='og:description' content=' By Raymond Arnold //  A simple AI metaphor // Im not sure there exists a melody for this one. // ' />\n  </head>  <body> \n    <div class=header>\n      <a href=\"/\">Home</a>\n      <a href=\"/lists/gen/All_Songs.html\">Songs</a>\n      <a href=\"/lists/gen/All_Speeches.html\">Speeches</a>\n      <a href=\"/misc/gen/Programs.html\">Programs</a>\n    </div>\n<div class=notes>\n<h1 id=\"baby-genie\">Baby Genie</h1>\n<h2 id=\"by-raymond-arnold\">By Raymond Arnold</h2>\n<h2 id=\"a-simple-ai-metaphor\">A simple AI metaphor</h2>\n<p>I’m not sure there exists a melody for this one.</p>\n<p>Based on Eliezer’s <a\nhref=\"http://lesswrong.com/lw/xu/failed_utopia_42/\">Failed Utopia\n#4-2</a></p>\n<p><a href=https://github.com/SecularSolstice/SecularSolstice.github.io/edit/master/songs/Baby_Genie/README.md class=editbutton>edit description</a></p>\n</div>\n<h2>Lyrics</h2><p class=lyrics>\nI found a baby genie, in a bottle by the sea<br>\nSeemed so small and weak but I saw opportunity<br>\nI knew one day before too long that djinn would grow up big and strong<br>\nAnd grant my wish to save humanity<br>\n<br>\nSo, I told that Genie (told that genie)<br>\nEverything I know<br>\nGonna mold that genie (mold that genie)<br>\nGonna watch ‘em grow<br>\nCause I got one wish (I got one wish)<br>\nA single sole demand<br>\nAnd there’s a lotta things (there’s a lotta things)<br>\nThat a djinn don’t understand<br>\n<br>\nCause a djinn don’t care (a djinn don’t care)<br>\nWhat a wisher might intend<br>\nAnd they’re not aware (they’re not aware)<br>\nThat means mean just as much as much as ends<br>\nAnd I got one wish (I got one wish)<br>\nThat I don’t want to regret<br>\nThere’s a lotta lessons (lotta lessons)<br>\nEasy to forget<br>\n<br>\nI found a baby djinni in a bottle by the sea<br>\nSeemed so small and weak but I saw opportunity<br>\n<br>\nSo what to wish for (what to wish for!)<br>\nSo much I could ask for!<br>\nLike world peace! (Like world peace!)<br>\nI could end disease in Madagascar<br>\nBut with just one wish (just one wish)<br>\nI think it seems to me<br>\nThat the greatest wish (that the greatest wish)<br>\nIs for people to be happy<br>\n<br>\nBut the genie wondered  (genie wondered)<br>\nCould I just give people drugs<br>\nOr build a matrix? (build a matrix?)<br>\nHook those humans up with plugs<br>\nOr steer their lives (steer their lives)<br>\nLike a puppet on some strings<br>\nCause a baby djinn (cause a baby djinn)<br>\nGonna think about these things<br>\n<br>\nI found a baby genie in a bottle by the sea<br>\nSeemed so small and weak but I saw opportunity<br>\n<br>\n(key modulate up)<br>\n<br>\nSo I took precautions (took precautions!)<br>\n99 to be precise!<br>\nGonna make things awesome (make things awesome!)<br>\nWishing for a world so nice<br>\nCause I got one wish (I got one wish)<br>\nThat I don’t want going wrong<br>\nSo I made a list (so I made a list)<br>\nOf rules a mile long<br>\n<br>\nOH SHIT!<br>\n</p>\n<h2>Files</h2><ul>\n<li><a href=Baby_Genie-lyrics.txt>Baby_Genie-lyrics.txt</a>\n<li><a href=thumb.png>thumb.png</a>\n<li><a href=../lyrics.txt>lyrics.txt</a>\n<a href=https://github.com/SecularSolstice/SecularSolstice.github.io/edit/master/songs/Baby_Genie/lyrics.txt class=editbutton>edit</a>\n</ul>\n<a class=rawgit href=https://github.com/SecularSolstice/SecularSolstice.github.io/tree/master/songs/Baby_Genie>Raw Git Folder</a>\n</body></html>\n",
  "audioUrl": null,
  "previousVersionId": null,
  "nextVersionId": null,
  "originalVersionId": "21788c32-5283-4df5-8976-1afd8ce4aa25",
  "renderedContent": null,
  "bpm": null,
  "transpose": null,
  "archived": false,
  "createdBy": "secularsolstice-import",
  "createdAt": "2025-12-22T08:31:11.000Z",
  "dbCreatedAt": "2025-12-23T21:09:41.837Z",
  "slidesMovieUrl": null,
  "slideMovieStart": null,
  "slideCredits": null,
  "programCredits": null,
  "blobUrl": null
}