{
  "id": "2580020d-0409-4dd7-ac7e-ac7cc65b3410",
  "songId": "a394c47e-f843-4676-9a9f-84c28288d2c7",
  "label": "gen/index.html",
  "content": "<html>\n  <head>\n    <title> Beyond All Towers</title>\n    <meta charset=\"utf-8\">\n\t<meta name=\"viewport\" content=\"width=device-width initial-scale=1.0\">\n    <link rel=stylesheet href=../../../theme.css>\n    <script src='../../../theme-switcher.js'></script>\n    <meta property='og:image' content='https://secularsolstice.github.io/songs/Beyond_All_Towers/gen/thumb.png' />\n    <meta name='twitter:image' content='https://secularsolstice.github.io/songs/Beyond_All_Towers/gen/thumb.png' />\n    <meta property='og:title' content=' Beyond All Towers' />\n    <meta property='og:description' content=' By JRR Tolkien, Clamavi de Profundis, and Daniel Speyer //  Sam Gamgee alone in the Tower of Cirith Ungol // This song represents Sams despair (but not quite despair) at finding // ' />\n  </head>  <body> \n    <div class=header>\n      <a href=\"/\">Home</a>\n      <a href=\"/lists/gen/All_Songs.html\">Songs</a>\n      <a href=\"/lists/gen/All_Speeches.html\">Speeches</a>\n      <a href=\"/misc/gen/Programs.html\">Programs</a>\n    </div>\n<div class=notes>\n<h1 id=\"beyond-all-towers\">Beyond All Towers</h1>\n<h2 id=\"by-jrr-tolkien-clamavi-de-profundis-and-daniel-speyer\">By JRR\nTolkien, Clamavi de Profundis, and Daniel Speyer</h2>\n<h2 id=\"sam-gamgee-alone-in-the-tower-of-cirith-ungol\">Sam Gamgee alone\nin the Tower of Cirith Ungol</h2>\n<p>This song represents Sams despair (but not quite despair) at finding\nFrodo again after Schlob stings him unconscious and the orcs drag him\naway.</p>\n<p>Clamavi de Profundis released <a\nhref=\"https://www.youtube.com/watch?v=Npio_2C1ASk\">this version</a>.\nThey made available (to patrons) sheet music for <em>the melody</em> but\nnot the harmony.</p>\n<p>So this version takes that melody and attempts to reconstruct the\nharmony around it, re-arranging for cello and guitar, and simplifying as\nneeded.</p>\n<p><a href=https://github.com/SecularSolstice/SecularSolstice.github.io/edit/master/songs/Beyond_All_Towers/README.md class=editbutton>edit description</a></p>\n</div>\n<h2>Lyrics</h2><p class=lyrics>\n  In western lands beneath the Sun<br>\n  the flowers may rise in Spring,<br>\n  the trees may bud, the waters run,<br>\n  the merry finches sing.<br>\n  Or there maybe 'tis cloudless night<br>\n  and swaying beeches bear<br>\n  the Elven stars as jewels white<br>\n  amid their branching hair.<br>\n<br>\n  Though here at journey's end I lie<br>\n  in darkness buried deep,<br>\n  beyond all towers strong and high,<br>\n  beyond all mountains steep,<br>\n  above all shadows rides the Sun<br>\n  and Stars for ever dwell:<br>\n  I will not say the Day is done,<br>\n  nor bid the Stars farewell.<br>\n<br>\n---------------------------<br>\n Frodo's Part (overlapping)<br>\n---------------------------<br>\n<br>\n  Here at journey's end I lie<br>\n  in darkness buried deep, Ah<br>\n</p>\n<h2>Files</h2><ul>\n<li><a href=Beyond_All_Towers-from-midi.mp3>Beyond_All_Towers-from-midi.mp3</a>\n<li><a href=Beyond_All_Towers-lyrics.txt>Beyond_All_Towers-lyrics.txt</a>\n<li><a href=Beyond_All_Towers-sheet-music.midi>Beyond_All_Towers-sheet-music.midi</a>\n<li><a href=Beyond_All_Towers-sheet-music.pdf>Beyond_All_Towers-sheet-music.pdf</a>\n<li><a href=Beyond_All_Towers-sheet-music-raise.pdf>Beyond_All_Towers-sheet-music-raise.pdf</a>\n<li><a href=thumb.png>thumb.png</a>\n<li><a href=../sheet-music.ly>sheet-music.ly</a>\n<a href=https://github.com/SecularSolstice/SecularSolstice.github.io/edit/master/songs/Beyond_All_Towers/sheet-music.ly class=editbutton>edit</a>\n</ul>\n<a class=rawgit href=https://github.com/SecularSolstice/SecularSolstice.github.io/tree/master/songs/Beyond_All_Towers>Raw Git Folder</a>\n</body></html>\n",
  "audioUrl": null,
  "previousVersionId": null,
  "nextVersionId": null,
  "originalVersionId": "2580020d-0409-4dd7-ac7e-ac7cc65b3410",
  "renderedContent": null,
  "bpm": null,
  "transpose": null,
  "archived": false,
  "createdBy": "secularsolstice-import",
  "createdAt": "2025-12-22T08:31:11.000Z",
  "dbCreatedAt": "2025-12-23T21:09:48.788Z",
  "slidesMovieUrl": null,
  "slideMovieStart": null,
  "slideCredits": null,
  "programCredits": null,
  "blobUrl": null
}