{
  "id": "d42173b1-ed51-4acf-8f6c-40ee98a1863d",
  "songId": "347696de-4291-4522-8a51-84927ed8129c",
  "label": "gen/Bitter Wind March-lyrics.txt",
  "content": " \n \n Sun barely rising a-bove the hor-izon \n Little one, little one, bitter wind blown Little one, little one, bitter wind blown \n Flowers are withering, naked bark brittle oh, \n Little one, little one, bitter wind blown Little one, little one, bitter wind blown \n Good folk are gonna die, sun-god ain't shedding tears \n Little one, little one, bitter wind blown \nAnd I just stare at the sky, digging the graves each year \n Little one, little one, bitter wind blown \n Sun, sailing a - way I don't know\n Where... I don’t know why… \n Sky, darkening grey, wishing there\n weren’t so man-y good - byes... \n little one, little one why... \n little one why... \n \n \n \n \n Maybe if we looked a while and found a stone \n Little one, little one, bitter wind blown \n Dragged it a hun-der-ed miles and got it home \n Little one, little one, bitter wind blown \nWe could dig us a henge, raise those bluestones up high \n Little one, little one, bitter wind blown \nIn two hundred years we could look at the sky \n Little one, little one, bitter wind blown \nOur children would know when the winter was coming, oh \n Little one, little one, bitter wind blown \n Looking and laboring, doing what must be done \n Little one, little one, bitter wind blown \n Sun, sailing a - way I don't know\n Where... I don’t know why… \n Sky, darkening grey, wishing there\n weren’t so man-y good - byes... \n \nAnd maybe some good folk are still going to die \n Little one, little one, bitter wind blown \n \nTheir mothers shake helpless with rage and denial \n Little one, little one, bitter wind blown \n \nBut maybe it might be less deep of a sorrow \n Little one, little one, bitter wind blown \n \n Not quite so many graves dug up tomorrow \n Little one, little one, bitter wind blown \n",
  "audioUrl": null,
  "previousVersionId": null,
  "nextVersionId": null,
  "originalVersionId": "d42173b1-ed51-4acf-8f6c-40ee98a1863d",
  "renderedContent": null,
  "bpm": null,
  "transpose": null,
  "archived": false,
  "createdBy": "secularsolstice-import",
  "createdAt": "2025-12-22T08:31:11.000Z",
  "dbCreatedAt": "2025-12-23T21:09:52.660Z",
  "slidesMovieUrl": null,
  "slideMovieStart": null,
  "slideCredits": null,
  "programCredits": null,
  "blobUrl": null
}