{
  "id": "f664ba52-5524-4713-9e33-617251930755",
  "songId": "9b52eaef-d5be-47d6-b7fd-858ed132ba1b",
  "label": "Makefile",
  "content": "PREFIX=Blackbird-\nFILES_TO_LIST=\n\ninclude ../Makefile.common",
  "audioUrl": null,
  "previousVersionId": "4b0517f6-d3a4-4ddf-aa58-277097d1b760",
  "nextVersionId": "b468c533-35a3-46a8-9198-8a6d907bdd70",
  "originalVersionId": "4b0517f6-d3a4-4ddf-aa58-277097d1b760",
  "renderedContent": null,
  "bpm": null,
  "transpose": null,
  "archived": false,
  "createdBy": "secularsolstice-import",
  "createdAt": "2025-03-23T17:03:58.000Z",
  "slidesMovieUrl": null,
  "slideMovieStart": null,
  "slideCredits": null,
  "programCredits": null,
  "blobUrl": null
}