{
  "id": "909ff2d3-af2e-46af-b5a5-83f8cc342cc2",
  "songId": "a8d72324-cd9e-4d9f-b603-2675180bd11c",
  "label": "lyrics.txt",
  "content": "A thousand stars erect a shrine\nof wordless worlds embracing night.\nA candle blooms and spreads its shine\nand fills our hearts with such delight.\n\nWithin its silence we rejoice,\nenraptured by this blissful light,\nas if this shrine could have a voice\nthat rings throughout this solstice night.\n\nFrom now the darkness falls away\nfor we have lit this light of ours.\nInto next years it shows our way\non through these silent, starlit hours.",
  "audioUrl": null,
  "previousVersionId": null,
  "nextVersionId": null,
  "originalVersionId": "909ff2d3-af2e-46af-b5a5-83f8cc342cc2",
  "renderedContent": null,
  "bpm": null,
  "transpose": null,
  "archived": false,
  "createdBy": "secularsolstice-import",
  "createdAt": "2025-03-23T17:03:58.000Z",
  "dbCreatedAt": "2025-12-22T09:49:25.821Z",
  "slidesMovieUrl": null,
  "slideMovieStart": null,
  "slideCredits": null,
  "programCredits": null,
  "blobUrl": null
}