{
  "id": "c0081901-e4e3-4779-bfd7-c99f592df3d2",
  "songId": "a6e1f99b-b091-46a7-baf1-9b137515b52f",
  "label": "Makefile",
  "content": "PREFIX=Brighter_Than_Today-\nFILES_TO_LIST=lyrics.txt chord-chart.html chord-sheet.cho chord-sheet.pdf chord-sheet-2col.pdf chord-sheet-2col-legal.pdf\n\ngen/${PREFIX}lyrics.txt: lyrics.txt\n\tcp lyrics.txt gen/${PREFIX}lyrics.txt\n\ninclude ../Makefile.common",
  "audioUrl": null,
  "previousVersionId": "d7849953-8f2d-48d2-934b-3a9d9a8028ad",
  "nextVersionId": null,
  "originalVersionId": "7dde9a7a-6317-4848-8b3d-11e39f924fcb",
  "renderedContent": null,
  "bpm": null,
  "transpose": null,
  "archived": false,
  "createdBy": "secularsolstice-import",
  "createdAt": "2025-03-23T17:03:58.000Z",
  "slidesMovieUrl": null,
  "slideMovieStart": null,
  "slideCredits": null,
  "programCredits": null,
  "blobUrl": null
}