{
  "id": "57f53ad9-3602-4b90-95d5-22d567a08e2a",
  "songId": "a8d72324-cd9e-4d9f-b603-2675180bd11c",
  "label": "README.md",
  "content": "#  A Thousand Stars\n## By Siegfried Köhler, translated by Daniel Böttger\n## Beauty in Dark Places\n\nIn the German Democratic Republic, where I [Daniel Böttger] was born,\none of the most popular Christmas songs was [Tausend Sterne sind ein\nDom](https://en.wikipedia.org/wiki/Tausend_Sterne_sind_ein_Dom). It\nwas written in the aftermath of World War 2, by the music student Siegfried\nKöhler.  I heard and sang it from when I was about seven, and I\nvividly remember being impressed with the match between its remarkably\npoetic lyrics and its tender and serene music. Here's [a\nrecording you might enjoy](https://www.youtube.com/embed/i1Ymq0CU8Kw).\n\n\nI sang it again, for the first time in many years, with a large group\nof friends at the Secular Solstice 2013. But Secular Solstices, even\nin Germany, are generally held in English. So for the 2014 Solstice, I\nwrote a translation of the lyrics into English.\n\nClassical music enthusiasts might be interested to learn that the\npiece is a [Christmas\ncantata](https://en.wikipedia.org/wiki/Christmas_cantata), a very\nspecific genre popularized through [some truly\nastonishing examples by Johann Sebastian Bach](https://en.wikipedia.org/wiki/Christmas_cantata#Bach). The musical score\nand German lyrics for <em>Tausend Sterne</em> are apparently still\ncopyrighted, though [widely\navailable on the web](https://www.google.de/search?q=tausend+sterne+sind+ein+dom+noten&amp;tbm=isch). Various composers have written arrangements\nfor different choirs, instruments and ensembles -- all of these\nwill work with these English lyrics. For the translated text, the CC0\nlicense applies, so you can use them however you want. If you do,\nI'd be happy to hear about it.\n\n\nAny translation of poetry is necessarily a re-interpretation, but in this case it was possible to remain fairly close to literal, and to the emotive vibe, of the original. I could even step up the rhyme scheme into ABAB. (The original rhymes on every second line.) I added an unstressed syllable to the beginning of each stanza, which means you start singing one note early compared to the original lyrics. This makes all the lines regular iambic tetrameter and makes them easy to sing as a [canon](https://en.wikipedia.org/wiki/Canon_%28music%29). The word \"solstice\" is a deliberate replacement of \"Christmas\"; change it back if you prefer.",
  "audioUrl": null,
  "previousVersionId": null,
  "nextVersionId": "712123be-4ee0-44e7-8147-7bec0f6160f7",
  "originalVersionId": "57f53ad9-3602-4b90-95d5-22d567a08e2a",
  "renderedContent": null,
  "bpm": null,
  "transpose": null,
  "archived": false,
  "createdBy": "secularsolstice-import",
  "createdAt": "2025-03-23T17:03:58.000Z",
  "dbCreatedAt": "2025-12-22T09:49:25.821Z",
  "slidesMovieUrl": null,
  "slideMovieStart": null,
  "slideCredits": null,
  "programCredits": null,
  "blobUrl": null
}