{
  "id": "fba4adb2-1a8c-4500-80bb-7123f942d430",
  "songId": "a394c47e-f843-4676-9a9f-84c28288d2c7",
  "label": "gen/thumb.png",
  "content": null,
  "audioUrl": null,
  "previousVersionId": null,
  "nextVersionId": null,
  "originalVersionId": "fba4adb2-1a8c-4500-80bb-7123f942d430",
  "renderedContent": null,
  "bpm": null,
  "transpose": null,
  "archived": false,
  "createdBy": "secularsolstice-import",
  "createdAt": "2025-12-22T08:31:11.000Z",
  "dbCreatedAt": "2025-12-23T21:09:50.088Z",
  "slidesMovieUrl": null,
  "slideMovieStart": null,
  "slideCredits": null,
  "programCredits": null,
  "blobUrl": "https://rjtgd9k2jkfrnhfb.public.blob.vercel-storage.com/song-a394c47e-f843-4676-9a9f-84c28288d2c7/import-1766524189325-gen-thumb.png"
}