{
  "id": "79010a58-7ae1-4251-9647-59e1566101bd",
  "songId": "87b3d6bf-3704-428c-be44-bf5894e8858c",
  "label": "gen/thumb.png",
  "content": null,
  "audioUrl": null,
  "previousVersionId": null,
  "nextVersionId": null,
  "originalVersionId": "79010a58-7ae1-4251-9647-59e1566101bd",
  "renderedContent": null,
  "bpm": null,
  "transpose": null,
  "archived": false,
  "createdBy": "secularsolstice-import",
  "createdAt": "2025-12-22T08:31:11.000Z",
  "dbCreatedAt": "2025-12-23T21:09:43.229Z",
  "slidesMovieUrl": null,
  "slideMovieStart": null,
  "slideCredits": null,
  "programCredits": null,
  "blobUrl": "https://rjtgd9k2jkfrnhfb.public.blob.vercel-storage.com/song-87b3d6bf-3704-428c-be44-bf5894e8858c/import-1766524182347-gen-thumb.png"
}