{
  "id": "1f1848d0-7674-4f07-8b04-30c5c562b303",
  "songId": "87b3d6bf-3704-428c-be44-bf5894e8858c",
  "label": "README.md",
  "content": "#  Always Look on the Bright Side\n\n## By Monty Python\n## A silly song about making the best of terrible things\n\nWe've generally opened with this one.  It has the advantage that\neveryone knows it.  It also foreshadows all the dark elements of the\nSolstice while being bright and silly itself.\n\nYou can watch [the original\nvideo](https://www.youtube.com/watch?v=jHPOzQzk9Qo) for a sense of the\nidea and the sound.",
  "audioUrl": null,
  "previousVersionId": "1b72c0fb-6431-4397-8ca2-804792f66bfc",
  "nextVersionId": "3a3c883d-138a-4f80-b76a-a6001043bb96",
  "originalVersionId": "1b72c0fb-6431-4397-8ca2-804792f66bfc",
  "renderedContent": null,
  "bpm": null,
  "transpose": null,
  "archived": false,
  "createdBy": "secularsolstice-import",
  "createdAt": "2025-03-23T17:03:58.000Z",
  "dbCreatedAt": "2025-12-22T09:49:25.821Z",
  "slidesMovieUrl": null,
  "slideMovieStart": null,
  "slideCredits": null,
  "programCredits": null,
  "blobUrl": null
}