{
  "id": "c8ee4275-3a36-42ec-9d2f-91babfdc813c",
  "songId": "ee93ad59-71e8-43a3-9d8d-29af513ce4c4",
  "label": "gen/Bitter Wind Blown-chord-chart.html",
  "content": "\n<html>\n  <head>\n    <title>Bitter Wind Blown Chord Chart</title>\n    <meta charset=\"utf-8\">\n    <meta name=\"viewport\" content=\"width=device-width initial-scale=1.0\">\n    <link rel=\"stylesheet\" type=\"text/css\" href=\"../../../theme.css\">\n    <script src='../../../theme-switcher.js'></script>\n  </head>\n  <body>\n    <h1>Bitter Wind Blown Chord Chart</h1>\n<h2>06. Bitter Wind Lullaby</h2>\n<h2>3/4 Measures</h2>\n<table border>\n<tr><td>A5</td><td></td><td>G5</td><td>D</td><td>(rest)</td><td></td><td></td><td colspan=4>Little one, little one, bitter wind blown</td></tr>\n<tr><td>A5</td><td></td><td>G5</td><td>A5</td><td>(rest)</td><td></td><td></td><td colspan=4>Little one, little one, bitter wind blown</td></tr>\n<tr><td>A5</td><td></td><td>G5</td><td>D</td><td>(rest)</td><td></td><td></td><td colspan=4>Little one, little one, bitter wind blown</td></tr>\n<tr><td>A5</td><td></td><td>G5</td><td>A5</td><td>(rest)</td><td></td><td></td><td colspan=4>Little one, little one, bitter wind blown</td></tr>\n<tr><td>A5</td><td>A5</td><td>(skip)</td><td></td><td></td><td></td><td></td><td></td><td></td><td colspan=2>(skip)</td></tr>\n<tr><td>A5</td><td></td><td>G5/A</td><td></td><td></td><td></td><td></td><td colspan=4>Sun barely rising a-bove the hor-izon</td></tr>\n<tr><td>A5</td><td></td><td>G5/A</td><td>D5</td><td></td><td></td><td></td><td colspan=4>Little one, little one, bitter wind blown</td></tr>\n<tr><td>A5</td><td>A5</td><td>C5</td><td>D5</td><td></td><td></td><td></td><td colspan=4>Flowers are withering, naked bark brittle oh,</td></tr>\n<tr><td>A5</td><td>A5</td><td>G5</td><td>A5</td><td></td><td></td><td></td><td colspan=4>Little one, little one, bitter wind blown</td></tr>\n<tr><td>A5</td><td>A5</td><td>C5</td><td>D5</td><td></td><td></td><td></td><td colspan=4>Don't understand why the light would abandon us,</td></tr>\n<tr><td>A5</td><td>A5</td><td>G5</td><td>D5</td><td></td><td></td><td></td><td colspan=4>Little one, little one, bitter wind blown</td></tr>\n<tr><td>A5</td><td>A5</td><td>C5</td><td>D5</td><td></td><td></td><td>And</td><td colspan=4>I don't know how much more he may demand of us</td></tr>\n<tr><td>A5</td><td>A5</td><td>G5</td><td>A5</td><td></td><td></td><td></td><td colspan=4>Little one, little one, bitter wind blown</td></tr>\n<tr><td>Dm</td><td>Dm</td><td>C</td><td>C</td><td></td><td></td><td></td><td>Sun,</td><td>sailing a -</td><td>way</td><td colspan=1>I don't know</td></tr>\n<tr><td>C</td><td>C</td><td>G</td><td>G</td><td></td><td></td><td></td><td>Where...</td><td colspan=3>I don’t know why…</td></tr>\n<tr><td>Dm</td><td>Dm</td><td>C</td><td>C</td><td></td><td></td><td></td><td>Sky,</td><td>darkening</td><td>grey,</td><td colspan=1>wishing there</td></tr>\n<tr><td>C</td><td>C</td><td>G</td><td>G</td><td></td><td></td><td></td><td colspan=4>weren’t so  man-y  good - byes...</td></tr>\n<tr><td>C</td><td>G</td><td>Am</td><td>Am</td><td>Am</td><td></td><td></td><td colspan=4>little one, little one why...</td></tr>\n<tr><td>G</td><td>Am</td><td>Am</td><td>Am</td><td>Am</td><td></td><td></td><td colspan=4>little one  why...</td></tr>\n<tr><td>A5</td><td>A5</td><td>C5</td><td>D5</td><td></td><td></td><td></td><td>Asking me</td><td>questions I</td><td colspan=2>don't have the answers to</td></tr>\n<tr><td>A5</td><td>A5</td><td>G5</td><td>D5</td><td></td><td></td><td></td><td colspan=4>Little one, little one, bitter wind blown</td></tr>\n<tr><td>A5</td><td>A5</td><td>C5</td><td>D5</td><td></td><td></td><td></td><td colspan=4>Watching you shiver, and I dont know what to do</td></tr>\n<tr><td>A5</td><td>A5</td><td>G5</td><td>A5</td><td></td><td></td><td></td><td colspan=4>Little one, little one, bitter wind blown</td></tr>\n<tr><td>A5</td><td>A5</td><td>C5</td><td>D5</td><td></td><td></td><td></td><td colspan=4>Maybe if     we did the dance said the words just right</td></tr>\n<tr><td>A5</td><td>A5</td><td>G5</td><td>D5</td><td></td><td></td><td></td><td colspan=4>Little one, little one, bitter wind blown</td></tr>\n<tr><td>A5</td><td>A5</td><td>C5</td><td>D5</td><td></td><td></td><td></td><td>Maybe he'd  come back may-be things would be all right</td><td>t</td></tr>\n<tr><td>A5</td><td>A5</td><td>G5</td><td>A5</td><td></td><td></td><td></td><td colspan=4>Little one, little one, bitter wind blown</td></tr>\n<tr><td>Dm</td><td>Dm</td><td>C</td><td>C</td><td></td><td></td><td></td><td>Sun,</td><td>sailing a -</td><td>way</td><td colspan=1>I don't know</td></tr>\n<tr><td>C</td><td>C</td><td>G</td><td>G</td><td></td><td></td><td></td><td>Where...</td><td colspan=3>I don’t know why…</td></tr>\n<tr><td>Dm</td><td>Dm</td><td>C</td><td>C</td><td></td><td></td><td></td><td>Sky,</td><td>darkening</td><td>grey,</td><td colspan=1>wishing there</td></tr>\n<tr><td>C</td><td>C</td><td>G</td><td>G</td><td></td><td></td><td></td><td colspan=4>weren’t so  man-y  good - byes...</td></tr>\n<tr><td>C</td><td>G</td><td>Am</td><td>Am</td><td>Am</td><td></td><td></td><td colspan=4>little one, little one why...</td></tr>\n<tr><td>G</td><td>Am</td><td>Am</td><td>Am</td><td></td><td></td><td></td><td colspan=4>little one  why...</td></tr>\n<tr><td>G</td><td>Am</td><td></td><td></td><td></td><td></td><td></td><td colspan=4>little one  why...</td></tr>\n</table></body></html>",
  "audioUrl": null,
  "previousVersionId": null,
  "nextVersionId": null,
  "originalVersionId": "c8ee4275-3a36-42ec-9d2f-91babfdc813c",
  "renderedContent": null,
  "bpm": null,
  "transpose": null,
  "archived": false,
  "createdBy": "secularsolstice-import",
  "createdAt": "2025-12-22T08:31:11.000Z",
  "dbCreatedAt": "2025-12-23T21:09:47.198Z",
  "slidesMovieUrl": null,
  "slideMovieStart": null,
  "slideCredits": null,
  "programCredits": null,
  "blobUrl": null
}