{
  "id": "5156cbfb-f49a-4c0b-9ad5-0608509271ea",
  "songId": "70f7be23-d981-4989-a183-ba08ed0cb302",
  "label": "Makefile",
  "content": "PREFIX=Battle_Hymn_Of_The_Rationalist_Community-\nFILES_TO_LIST=lyrics.txt\n\ngen/${PREFIX}lyrics.txt: lyrics.txt\n\tcp lyrics.txt gen/${PREFIX}lyrics.txt\ninclude ../Makefile.common",
  "audioUrl": null,
  "previousVersionId": "ad304d80-97f6-4a35-b1ea-b3ac966b671c",
  "nextVersionId": "7217cc88-6043-4088-91c7-18dd86e501f3",
  "originalVersionId": "33e72975-bb9d-405f-817f-ffce0f022956",
  "renderedContent": null,
  "bpm": null,
  "transpose": null,
  "archived": false,
  "createdBy": "secularsolstice-import",
  "createdAt": "2025-03-23T17:03:58.000Z",
  "slidesMovieUrl": null,
  "slideMovieStart": null,
  "slideCredits": null,
  "programCredits": null,
  "blobUrl": null
}