{
  "id": "be7c8485-7c18-43ba-8fe5-ce75e0856452",
  "songId": "347696de-4291-4522-8a51-84927ed8129c",
  "label": "nuclearWinter.cho",
  "content": "A5 NC\n_Sun barely shining _across the horizon\nA5 NC\n_Little one, little one, _bitter wind blown…\nAm NC\n_Black rain is dripping down _silhouettes brittle, oh\nA5/F NC\n_Little one, little one, _bitter wind blown…\n\nA5 NC\n_Watching you wither in _Little Boy’s wake, oh\nF5 NC\n_Little one, little one, _bitter wind blown…\nAm NC \n_And seeing you shake as you _fold the last papercrane, oh\nF NC\n_Little one, little one, _bitter wind blown…\n\nDm.. C..\n_Sun, sailing a_way\nC.. G..\nI don't know _where... I don’t know _why…\nDm.. C..\n_Sky, darkening _grey,\nC.. G.. \nWishing there _weren’t so many good_byes...\n\nC G Am\n_Little one, _little one _why...\nG Am \n_Little one _why...\n\nAm Am Am\n...\n\n[Violin Solo]\nCm Cm/Ab... Bb. Cm C/Ab... Bb.\n_... _... _... _... _... _...\n\n\nCm\n_Might be a winter like never been sown before\nCm/Ab... B.\n_Little one, little one, bitter wind _blown…\nCm\n_Physicists knowing sin, can’t be be un-known, oh \nCm/B... B.\n_Little one, little one, bitter wind _blown…\n\nAm\nPetrov and Arkhipov hanging by threads, oh\nF\nLittle one, little one, bitter wind blown…\nAm\nKhrushchev and Kennedy tangled in their own webs\nF\nLittle one, little one, bitter wind blown…\n\nAm\nBut step by step, hotline and parley and precedent\nLittle one, little one, bitter wind blown…\nAm\nProtest and pact inching back from the precipice,\nLittle one, little one, bitter wind blown…\n\nAm\nAnd our children keep watch to keep winter from coming\nLooking and laboring, doing what must be done\nAm\nLittle one, little one, bitter wind blown…\nF\nLittle one, little one, bitter wind blown…\n\nDm C\n_Sun, sailing a_way\nC G\nI don't know _where... I don’t know _why…\nDm C\n_Sky, darkening _grey,\nC G\nWishing there _weren’t so many good_byes...\n\nC G Am\n_Little one, _little one _why...\nG Am \n_Little one _why...\n\n\nAnd maybe some good folk are still gonna die\nLittle one, little one, bitter wind blown…\n…\nTheir mothers shake helpless with rage and denial\nLittle one, little one, bitter wind blown…\n\nBut maybe it might be less lasting a sorrow,\nLittle one, little one, bitter wind blown…\n…\nStill mothers left to dig more graves tomorrow\nLittle one, little one, bitter wind blown…\n",
  "audioUrl": null,
  "previousVersionId": "b3c37ba0-b927-4805-84d4-404ffd9cefe1",
  "nextVersionId": "07d85e6a-eba0-4808-9b13-9134330732d2",
  "originalVersionId": "49d94df1-03e7-4480-b54e-2f9bb0567498",
  "renderedContent": null,
  "bpm": 100,
  "transpose": 0,
  "archived": false,
  "createdBy": "Raymond",
  "createdAt": "2025-11-29T01:08:45.466Z",
  "dbCreatedAt": "2025-12-22T09:49:25.821Z",
  "slidesMovieUrl": null,
  "slideMovieStart": null,
  "slideCredits": null,
  "programCredits": null,
  "blobUrl": null
}