{
  "id": "9ec3e9fb-15d3-4098-b0cd-aad352684e50",
  "songId": "a8d72324-cd9e-4d9f-b603-2675180bd11c",
  "label": "lyrics.txt",
  "content": "A thousand stars erect a shrine\nof wordless worlds embracing night.\nA candle blooms and spreads its shine\nand fills our hearts with such delight.\n\nWithin its silence we rejoice,\nenraptured by this blissful light,\nas if this shrine could have a voice\nthat rings throughout this solstice night.\n\nFrom now the darkness falls away\nfor we have lit this light of ours.\nInto next years it shows our way\non through these silent, starlit hours.\n\n",
  "audioUrl": null,
  "previousVersionId": null,
  "nextVersionId": "57f53ad9-3602-4b90-95d5-22d567a08e2a",
  "originalVersionId": "9ec3e9fb-15d3-4098-b0cd-aad352684e50",
  "renderedContent": null,
  "bpm": null,
  "transpose": 0,
  "archived": false,
  "createdBy": null,
  "createdAt": "2025-11-23T22:23:33.163Z",
  "slidesMovieUrl": null,
  "slideMovieStart": null,
  "slideCredits": null,
  "programCredits": null,
  "blobUrl": null
}