{
  "id": "bc6240d1-02de-4bad-9f9e-e30735d7dbbf",
  "songId": "a394c47e-f843-4676-9a9f-84c28288d2c7",
  "label": "README.md",
  "content": "#  Beyond All Towers\n## By JRR Tolkien, Clamavi de Profundis, and Daniel Speyer\n## Sam Gamgee alone in the Tower of Cirith Ungol\n\nThis song represents Sams despair (but not quite despair) at finding\nFrodo again after Schlob stings him unconscious and the orcs drag him\naway.\n\nClamavi de Profundis released [this\nversion](https://www.youtube.com/watch?v=Npio_2C1ASk).  They made\navailable (to patrons) sheet music for *the melody* but not the\nharmony.\n\nSo this version takes that melody and attempts to reconstruct the\nharmony around it, re-arranging for cello and guitar, and simplifying\nas needed.",
  "audioUrl": null,
  "previousVersionId": "6f698521-d743-48f7-ac29-7a0d28f813bb",
  "nextVersionId": "db3562b6-358b-485a-b186-8dec58597df5",
  "originalVersionId": "e933e500-00b6-42a8-9143-59d0d785be41",
  "renderedContent": null,
  "bpm": null,
  "transpose": null,
  "archived": false,
  "createdBy": "secularsolstice-import",
  "createdAt": "2025-03-23T17:03:58.000Z",
  "slidesMovieUrl": null,
  "slideMovieStart": null,
  "slideCredits": null,
  "programCredits": null,
  "blobUrl": null
}