{
  "id": "fd7ec162-4eab-4d34-8efa-fba26e5b94b8",
  "songId": "7fe28590-8f71-424e-bd6e-3cb4bbf840b4",
  "label": "Makefile",
  "content": "PREFIX=Baby_Genie-\nFILES_TO_LIST=lyrics.txt\n\ngen/${PREFIX}lyrics.txt: lyrics.txt\n\tcp lyrics.txt gen/${PREFIX}lyrics.txt\n\ninclude ../Makefile.common",
  "audioUrl": null,
  "previousVersionId": "a577f8dc-8fd6-4185-9bac-4e67fa378d0d",
  "nextVersionId": "3dd0384d-b58f-4d6c-bf30-982f749cc08f",
  "originalVersionId": "1dbcabdf-3955-4f4d-b370-38011dccd576",
  "renderedContent": null,
  "bpm": null,
  "transpose": null,
  "archived": false,
  "createdBy": "secularsolstice-import",
  "createdAt": "2025-03-23T17:03:58.000Z",
  "slidesMovieUrl": null,
  "slideMovieStart": null,
  "slideCredits": null,
  "programCredits": null,
  "blobUrl": null
}