{
  "id": "b92defbb-7df5-4efd-8ef0-ccefa18a1845",
  "songId": "a141f954-1497-49fa-83b3-51599dbc4855",
  "label": "gen/Ballad of Smallpox Gone-chord-sheet.cho",
  "content": "\n{title: Ballad of Smallpox Gone}\n\n[Am]Old king pl[G]ague is dead [Am]   [Am]\nThe s[C]mallpox p[G]lague is dead  [E]  [E]\n[Am]No more c[C]hildren d[G]ying h[E]ard\n[Am]No more vi[C]ctims l[G]iving sc[E]arred\nWith the m[Am]arks of the d[G]evil's k[E]iss\nWe st[Am]ill may d[C]ie of[G] other t[E]hings, but we w[Am]ill not d[G]ie of t[Am]his\n\nRaise your glasses high\nFor all who will not die\nTo all the doctors, nurses too\nAnd all the lab technicians who\nDrove it into the ground\nIf the whole UN does nothing else, it cut this terror down\n\nNow scarce the headlines said\nThe ancient plague was dead\nThen they spoke of curses new\nAIDS and SARS, Ebola too\nAnd COVID rages on...\nTen new plagues may take its place but at least this one is gone\n\nOld king plague is dead\nThe smallpox plague is dead\nNo more children dying hard\nNo more victims living scarred\nWith the marks of the devils kiss\nWe still may die of other things, but we will not die of this\nOh no!\nWe still may die of other things, but we will not die of this!\n\n",
  "audioUrl": null,
  "previousVersionId": null,
  "nextVersionId": null,
  "originalVersionId": "b92defbb-7df5-4efd-8ef0-ccefa18a1845",
  "renderedContent": null,
  "bpm": null,
  "transpose": null,
  "archived": false,
  "createdBy": "secularsolstice-import",
  "createdAt": "2025-12-22T08:31:11.000Z",
  "dbCreatedAt": "2025-12-23T21:09:42.033Z",
  "slidesMovieUrl": null,
  "slideMovieStart": null,
  "slideCredits": null,
  "programCredits": null,
  "blobUrl": null
}