{
  "id": "3782d8bc-a4e4-4184-9033-213cdbbcc156",
  "songId": "7f2be689-0df2-4edf-9098-9a4c5201c36a",
  "label": "alreadySo.cho",
  "content": "C\nWhat is _true... ...\nG\nis already _so.  ...\nAm\nA part of me _already knew.\nF\nA part of me _can’t let it go.\n\nC\nAnd what’s _true... ...\nAm\nis what’s there to be _lived. ...\nF\nWhat’s _true is what’s real. \nYou can touch it and feel.\nAm.. F..\nIt’s _what’s there to be inter_acted with.\nC.. Am..\nI can _bear... what is _true...\nF\n...\nC\n'Cuz I’m already _bearing it.\n\nC\n...\n\n…\n\n[Verse 2]\nC\nWhat is _true...   (What is true...)\nG\n...is already _so. (is already so...)\nAm\nA part of you _already knew.\n\t\t\t  (already knew)\nF\nA part of you _can’t let it go.\n\t\t\t\t (can’t let it go)\n\nC\nAnd what’s _true... \t(and what’s true)\nAm\n...is what’s there to be _lived... (what’s there to be lived)\nG\nA _part of you knows what to do\nAm.. F..\nit’s _waiting for you at the _precipice.\nC.. Am..\nYou can _bear... what is _true...\nF\n...\nC\n...Cuz you’re already _bearing it.\nYou’re already bearing it.\n\n… \n\n[improves harmonies]\nC\nohhhhhh\nG\nohhhhhh\nAm\nohh oohhhhh\nF\nohhhhhh oh ohhhhh\n\n[improves harmonies]\nC\nohhhhhh\nG\nohhhhhh\nAm\nohh oohhhhh\nF\nohhhhhh oh ohhhhh\n\n…\n\nC\nWhat is _true... ...\nG\nis already _so.  ...\nAm\nA part of me _already knew.\nF\nA part of me _can’t let it go.\n\nC\nAnd what’s _true... ...\nAm\nis what’s there to be _lived. ...\nF\nAnd I _finally let go, finding ground right below\nAm.. F..\nDidn't _get any worse owning _up to it\n\nC.. Am..\nWe can _bear...  what is _true...\nF\n...\nC\nWe’re already _bearing it.\nWe’re already bearing it.\n",
  "audioUrl": null,
  "previousVersionId": "acb89a66-78b9-440f-8a67-ef40a8931c91",
  "nextVersionId": "2dabf29e-3c10-4e01-8b8e-3a6aece7b036",
  "originalVersionId": "049ea530-6e71-4980-ab85-7020d9070fa9",
  "renderedContent": null,
  "bpm": 100,
  "transpose": 0,
  "archived": false,
  "createdBy": null,
  "createdAt": "2025-11-28T18:51:01.626Z",
  "slidesMovieUrl": null,
  "slideMovieStart": null,
  "slideCredits": null,
  "programCredits": null,
  "blobUrl": null
}