{
  "id": "ab3dbc22-7ce3-473b-8547-5c58878366c9",
  "songId": "71e34f7a-1649-4f30-b94f-7496640c696a",
  "label": "gen/thumb.png",
  "content": null,
  "audioUrl": null,
  "previousVersionId": null,
  "nextVersionId": null,
  "originalVersionId": "ab3dbc22-7ce3-473b-8547-5c58878366c9",
  "renderedContent": null,
  "bpm": null,
  "transpose": null,
  "archived": false,
  "createdBy": "secularsolstice-import",
  "createdAt": "2025-12-22T08:31:11.000Z",
  "dbCreatedAt": "2025-12-23T21:09:40.699Z",
  "slidesMovieUrl": null,
  "slideMovieStart": null,
  "slideCredits": null,
  "programCredits": null,
  "blobUrl": "https://rjtgd9k2jkfrnhfb.public.blob.vercel-storage.com/song-71e34f7a-1649-4f30-b94f-7496640c696a/import-1766524179743-gen-thumb.png"
}