{
  "id": "31452b3e-82c6-4778-98b0-bca515e72d1b",
  "songId": "a141f954-1497-49fa-83b3-51599dbc4855",
  "label": "gen/thumb.png",
  "content": null,
  "audioUrl": null,
  "previousVersionId": null,
  "nextVersionId": null,
  "originalVersionId": "31452b3e-82c6-4778-98b0-bca515e72d1b",
  "renderedContent": null,
  "bpm": null,
  "transpose": null,
  "archived": false,
  "createdBy": "secularsolstice-import",
  "createdAt": "2025-12-22T08:31:11.000Z",
  "dbCreatedAt": "2025-12-23T21:09:45.391Z",
  "slidesMovieUrl": null,
  "slideMovieStart": null,
  "slideCredits": null,
  "programCredits": null,
  "blobUrl": "https://rjtgd9k2jkfrnhfb.public.blob.vercel-storage.com/song-a141f954-1497-49fa-83b3-51599dbc4855/import-1766524184643-gen-thumb.png"
}