{
  "id": "3a21ee83-43d2-41d4-aa19-2e2e9dd31e3c",
  "songId": "246bc1b9-32b4-40dc-8bea-708cda48a9f5",
  "label": "Beautiful Tomorrow duet.pdf",
  "content": null,
  "audioUrl": null,
  "previousVersionId": "82b14f32-2195-421b-a85f-11155276436d",
  "nextVersionId": null,
  "originalVersionId": "0927306b-e093-491e-9b60-aa2283b01399",
  "renderedContent": null,
  "bpm": null,
  "transpose": null,
  "archived": false,
  "createdBy": "secularsolstice-import",
  "createdAt": "2025-03-23T17:03:58.000Z",
  "dbCreatedAt": "2025-12-22T09:49:25.821Z",
  "slidesMovieUrl": null,
  "slideMovieStart": null,
  "slideCredits": null,
  "programCredits": null,
  "blobUrl": "https://rjtgd9k2jkfrnhfb.public.blob.vercel-storage.com/song-246bc1b9-32b4-40dc-8bea-708cda48a9f5/import-1766366270050-Beautiful_Tomorrow_duet.pdf"
}