{
  "id": "ecde1ddf-adc4-44f3-8461-c01139fc227b",
  "songId": "71e34f7a-1649-4f30-b94f-7496640c696a",
  "label": "README.md",
  "content": "# And So It Goes\n## By Billy Joel\n## A lament of love, pain and acceptance\n\nAn outside song.  [Original music video](https://www.youtube.com/watch?v=FHO6a2H-pqY),  [Lyrics](https://genius.com/Billy-joel-and-so-it-goes-lyrics)",
  "audioUrl": null,
  "previousVersionId": "5a4e8ce6-8c4d-4565-9e11-395d0bf261c7",
  "nextVersionId": "81851fcf-d81b-4c04-851c-10a081b357c3",
  "originalVersionId": "b629c56e-22e3-43ec-a3bc-104ccc735e39",
  "renderedContent": null,
  "bpm": null,
  "transpose": null,
  "archived": false,
  "createdBy": "secularsolstice-import",
  "createdAt": "2025-03-23T17:03:58.000Z",
  "dbCreatedAt": "2025-12-22T09:49:25.821Z",
  "slidesMovieUrl": null,
  "slideMovieStart": null,
  "slideCredits": null,
  "programCredits": null,
  "blobUrl": null
}