{
  "id": "ad304d80-97f6-4a35-b1ea-b3ac966b671c",
  "songId": "70f7be23-d981-4989-a183-ba08ed0cb302",
  "label": "README.md",
  "content": "# Battle Hymn Of The Rationalist Community\n## By Scott Alexandar (Lyrics)\n## A triumphant celebration of truth and humanity\n\nTo the tune of [The Battle Hymn of the Republic](https://www.youtube.com/watch?v=Jy6AOGRsR80).\n\nPieces of this first appeared as [The Battle Hymn of the Republic of Letters](https://www.youtube.com/watch?v=2y-H2Ne_Djo) as part of the [Fermat's Last Stand Dungeons and Discourses campaign](https://slatestarcodex.com/2013/08/17/fermats-last-stand-soundtrack-and-adventure-log/).",
  "audioUrl": null,
  "previousVersionId": "33e72975-bb9d-405f-817f-ffce0f022956",
  "nextVersionId": "5156cbfb-f49a-4c0b-9ad5-0608509271ea",
  "originalVersionId": "33e72975-bb9d-405f-817f-ffce0f022956",
  "renderedContent": null,
  "bpm": null,
  "transpose": 0,
  "archived": false,
  "createdBy": null,
  "createdAt": "2025-11-23T22:23:35.166Z",
  "dbCreatedAt": "2025-12-22T09:49:25.821Z",
  "slidesMovieUrl": null,
  "slideMovieStart": null,
  "slideCredits": null,
  "programCredits": null,
  "blobUrl": null
}