{
  "id": "c4994a18-b5b7-4c39-94bd-9de67c1e5a7f",
  "songId": "246bc1b9-32b4-40dc-8bea-708cda48a9f5",
  "label": "Makefile",
  "content": "PREFIX=Beautiful_Tomorrow-\nFILES_TO_LIST=lyrics.txt chord-sheet.cho chord-sheet.pdf\n\ngen/${PREFIX}lyrics.txt: lyrics.txt\n\tcp lyrics.txt gen/${PREFIX}lyrics.txt\ninclude ../Makefile.common",
  "audioUrl": null,
  "previousVersionId": "e1b379f6-d798-4d84-b445-a0a981fd28f3",
  "nextVersionId": null,
  "originalVersionId": "0927306b-e093-491e-9b60-aa2283b01399",
  "renderedContent": null,
  "bpm": null,
  "transpose": null,
  "archived": false,
  "createdBy": "secularsolstice-import",
  "createdAt": "2025-03-23T17:03:58.000Z",
  "slidesMovieUrl": null,
  "slideMovieStart": null,
  "slideCredits": null,
  "programCredits": null,
  "blobUrl": null
}