{
  "id": "fcacc47d-acbc-4abf-a3cf-3ed593dd58c5",
  "songId": "246bc1b9-32b4-40dc-8bea-708cda48a9f5",
  "label": "lyrics.txt",
  "content": "I can hear tomorrow’s voice call out and lure me,\nIn the silver dew, it rings out like a bell;\nAnd the path that stretches beckoning before me\nMakes me dizzy like a children’s carousel.\n\nO beautiful tomorrow, don’t lead me into sorrow,\nBe kind to me, tomorrow, don’t lead me astray;\nI’ll chart a course to follow to lead me to tomorrow,\nTo beautiful tomorrow I start to make my way.\n\nI can hear tomorrow call me on a journey\nTo a world of wondrous beauty, far away;\nI can hear it ask me urgently and sternly:\nFor tomorrow’s sake what have I done today?\n\nO beautiful tomorrow, don’t lead me into sorrow,\nBe kind to me, tomorrow, don’t lead me astray;\nI’ll chart a course to follow to lead me to tomorrow,\nTo beautiful tomorrow I start to make my way.\n\nNow I’ll strive to be both kinder and more honest\nAnd I’ll never leave a suff’ring friend behind;\nI am called for help and come as I have promised;\nI will blaze a trail if there’s no path to find.\n\nO beautiful tomorrow, don’t lead me into sorrow,\nBe kind to me, tomorrow, don’t lead me astray;\nI’ll chart a course to follow to lead me to tomorrow,\nTo beautiful tomorrow I start to make my way.\n\nO beautiful tomorrow, don’t lead me into sorrow,\nBe kind to me, tomorrow, don’t lead me astray;\nI’ll chart a course to follow to lead me to tomorrow;\n\nTo beautiful tomorrow ---\n I start to make my way.",
  "audioUrl": null,
  "previousVersionId": "ad9a2a36-84c4-4f6f-8b59-6a2c884f15c0",
  "nextVersionId": "54c6426d-4ba2-4755-bf7d-c85c97d66770",
  "originalVersionId": "0927306b-e093-491e-9b60-aa2283b01399",
  "renderedContent": null,
  "bpm": null,
  "transpose": null,
  "archived": false,
  "createdBy": "secularsolstice-import",
  "createdAt": "2025-03-23T17:03:58.000Z",
  "slidesMovieUrl": null,
  "slideMovieStart": null,
  "slideCredits": null,
  "programCredits": null,
  "blobUrl": null
}