{
  "id": "6e5f6a31-e8d8-4d66-96a7-9506377717ae",
  "songId": "246bc1b9-32b4-40dc-8bea-708cda48a9f5",
  "label": "chord-sheet.ugc",
  "content": "-------------------------------------------------\nBeautiful Tomorrow -- Simplified A-minor version.\n-------------------------------------------------\n\nQuarter note = 90 bpm\nAm                                           Dm\n   I can hear tomorrow’s voice call out and lure me\n       E                              Am\nIn the silver dew, it rings out like a bell\n        F                    G            C        E\nAnd the path that stretches, beckoning, before me\n         F            B7               E\nMakes me dizzy like a children’s carousel\n\n[Chorus]\n   Am          Dm           E              Am\nOh beautiful tomorrow, don’t lead me into  sorrow\n    F             C             G         E\nBe kind to me, tomorrow, don’t lead me astray\n      Am                Dm         E           Am\nI’ll chart a course to follow, to bring me to tomorrow\n    Dm         Am          E               Am\nTo beautiful tomorrow, I start to make my way\n\nI can hear tomorrow call me on a journey\nTo a world of wondrous beauty far away\nI can hear it ask me urgently and sternly\nFor tomorrow’s sake what have I done today?\n\n[Chorus]\n\nNow I’ll strive to be both kinder and more honest\nAnd to never leave a suff’ring friend behind\nI will toil each day to live up to my promise\nI will blaze a trail if there’s no path to find\n\n[Chorus 2x]",
  "audioUrl": null,
  "previousVersionId": "3d9e3811-1702-44c1-99e6-894eaf0db924",
  "nextVersionId": "a831bd32-2a03-401f-8a9d-668f57bc4a8b",
  "originalVersionId": "0927306b-e093-491e-9b60-aa2283b01399",
  "renderedContent": null,
  "bpm": null,
  "transpose": null,
  "archived": false,
  "createdBy": "secularsolstice-import",
  "createdAt": "2025-03-23T17:03:58.000Z",
  "slidesMovieUrl": null,
  "slideMovieStart": null,
  "slideCredits": null,
  "programCredits": null,
  "blobUrl": null
}