{
  "id": "a58e1698-2c0e-4a78-8374-1049df78680b",
  "songId": "b17e6eac-f508-497f-b823-b6d92e77f569",
  "label": "bay2025.cho",
  "content": "[can I get an A chord?]\n\nNC\nBring the light (Bring the light)\nNC\nBring the li-ight (Bring the li-ight)\nNC\nBring the light and let it shine on me\n\n[okay, now, people in _this_ half of the room, I’d like you to do a slightly different thing, can you do “bring the light” <high note>]\n\n[do that a couple times]\n\n[okay, now I’m going to say some words, and then you guys sing “bring the light”. Like I’ll go]\n\n---\n\nNC\nDrive your chariot (bring the light)\nNC\nPull the flame (bring the light)\nNC\nBring the light and let it shine on me\n\n---\n\n<Now, chorus. Not gonna teach. You need to figure out songs first time through. Right now, your job is to be so loud that the sun god comes back, not worry if you’re singing right. If you notice you’re singing a different note than me, that’s fine, try to get a feel for where the next note is going. It’s kinda like riding a bike, if you just do it you can get a knack for it>\n\n[instruments kick in]\nCHORUS\nD\n_Bring the light and let it shine, \nE\n_Bring it back just one more time,\nD\n_Bring the light and let it shine... \n_...\nA\nLet it shine on _me.\n\nA\n...\n\n[[right side of room continues harmony part]] \nA\nEat the _seeds (bring the light)\nC/G\nSplit the _seasons (bring the li-ight)\nD A\n_Bring the light and let it shine on _me ...\n\n#v\nBattle the _moon (bring the light)\nDarkness _loom (bring the li-ight)\n_Bring the light and let it shine on _me\n\n#v\nSpeak the _word (bring the light)\nLet it _be (bring the li-ight)\n_Bring the light and let it shine on _me\n\n#v\nSing the anthem (bring the light)\nShare the dream (bring the li-ight)\n_Bring the light and let it shine on _me\n\n#c\nD\n_Bring the light and let it shine, \nE\n_Bring it back just one more time,\nD\n_Bring the light and let it shine... \n_...\nA\nLet it shine on _me.\n\nA\n...\n\nA\nLet it shine on _me.\n\nA\n...\n",
  "audioUrl": null,
  "previousVersionId": "a7ac90f6-1f62-4b0f-9324-5a4cacf79ec9",
  "nextVersionId": "726b536d-278b-427a-9a9e-c070e6eda773",
  "originalVersionId": "8598e183-d39a-4821-b701-3efcdeabed21",
  "renderedContent": null,
  "bpm": 100,
  "transpose": 0,
  "archived": false,
  "createdBy": "Raymond",
  "createdAt": "2025-12-05T17:01:11.597Z",
  "slidesMovieUrl": null,
  "slideMovieStart": null,
  "slideCredits": null,
  "programCredits": "Written by Alex Federici and Raymond Arnold. Performed by Raymond Arnold and Leila Clark.",
  "blobUrl": null
}