{
  "id": "411ffdb4-0393-44c7-b393-37f0c92ec18a",
  "songId": "70f7be23-d981-4989-a183-ba08ed0cb302",
  "label": "gen/thumb.png",
  "content": null,
  "audioUrl": null,
  "previousVersionId": null,
  "nextVersionId": null,
  "originalVersionId": "411ffdb4-0393-44c7-b393-37f0c92ec18a",
  "renderedContent": null,
  "bpm": null,
  "transpose": null,
  "archived": false,
  "createdBy": "secularsolstice-import",
  "createdAt": "2025-12-22T08:31:11.000Z",
  "dbCreatedAt": "2025-12-23T21:09:43.673Z",
  "slidesMovieUrl": null,
  "slideMovieStart": null,
  "slideCredits": null,
  "programCredits": null,
  "blobUrl": "https://rjtgd9k2jkfrnhfb.public.blob.vercel-storage.com/song-70f7be23-d981-4989-a183-ba08ed0cb302/import-1766524182773-gen-thumb.png"
}