{
  "id": "3dd0384d-b58f-4d6c-bf30-982f749cc08f",
  "songId": "7fe28590-8f71-424e-bd6e-3cb4bbf840b4",
  "label": "README.md",
  "content": "# Baby Genie\n## By Raymond Arnold\n## A simple AI metaphor\n\nI'm not sure there exists a melody for this one.\n\nBased on Eliezer's [Failed Utopia #4-2](http://lesswrong.com/lw/xu/failed_utopia_42/)",
  "audioUrl": null,
  "previousVersionId": "fd7ec162-4eab-4d34-8efa-fba26e5b94b8",
  "nextVersionId": "810333c9-3be8-4c5e-8645-242eb9c617b6",
  "originalVersionId": "1dbcabdf-3955-4f4d-b370-38011dccd576",
  "renderedContent": null,
  "bpm": null,
  "transpose": null,
  "archived": false,
  "createdBy": "secularsolstice-import",
  "createdAt": "2025-03-23T17:03:58.000Z",
  "slidesMovieUrl": null,
  "slideMovieStart": null,
  "slideCredits": null,
  "programCredits": null,
  "blobUrl": null
}