{
  "id": "bc04e31f-07e3-4de7-a3bc-977cc9413c66",
  "songId": "347696de-4291-4522-8a51-84927ed8129c",
  "label": "README.md",
  "content": "# Bitter Wind March\n## By Raymond Arnold\n## A return to Bitter Wind Blown, but with determination to do something about it\n\nMusically, this song is a reprise of [Bitter Wind\nBlown](../../Bitter_Wind_Blown/gen/) and it has been known as \"Bitter\nWind Reprise\" in some documents.  Conceptually, it introduces a new\nidea: that instead of asking the sun to save us, we're going to save\nourselves.\n\nIn orchestrating this song, it is important not to let it get too\nmilitant or hopeful.  That would turn it into a Song of Dawn, and step\non Brighter Than Today's toes.\n\nThe [NYC 2016\nPerformance](https://www.youtube.com/watch?v=qmKx-NQ6iWU) is on Youtube\n\nThis song is available for sale via bandcamp in [all three albums](https://humanistculture.bandcamp.com/).\n\n\n\nA [Bayesian Choir Performance](https://www.youtube.com/watch?v=C8fRlZUDpmk) of this song is on Youtube.\n",
  "audioUrl": null,
  "previousVersionId": null,
  "nextVersionId": "4e6e8cc8-e585-4e76-a92f-dd2089a1036b",
  "originalVersionId": "bc04e31f-07e3-4de7-a3bc-977cc9413c66",
  "renderedContent": null,
  "bpm": null,
  "transpose": 0,
  "archived": false,
  "createdBy": null,
  "createdAt": "2025-11-23T22:23:36.966Z",
  "slidesMovieUrl": null,
  "slideMovieStart": null,
  "slideCredits": null,
  "programCredits": null,
  "blobUrl": null
}