{
  "id": "b73353d6-626f-4579-9b4c-857c4c770084",
  "songId": "246bc1b9-32b4-40dc-8bea-708cda48a9f5",
  "label": "README.md",
  "content": "#  Beautiful Tomorrow\n## By Evgeny Krylatov (Music), Yuri Entin (Original Lyrics) and Anna Tchetchetkine et. al. (English Translation)\n## Tomorrow calls to me\n\nTo put this song in some historical context:\n\nIn 1968, Russian author Kir Bulychev began a series of scifi/adventure children's books entitled [Alice, Girl from the Future](https://tvtropes.org/pmwiki/pmwiki.php/Literature/AliceGirlFromTheFuture).  Set in the late 21st century, they depicted Earth as a high-tech communist utopia but the rest of the galaxy rather less so -- hence adventure\n\nIn 1978, he wrote the fourth book: Alice in the Past, in which his hero traveled through time to the 20th century.\n\nIn 1984, Soviet Central Television converted this novel into a five-episode miniseries entitled [Guest from the Future](https://tvtropes.org/pmwiki/pmwiki.php/Series/GuestFromTheFuture).  This was the theme song.\n\nIn 2018, Anna Tchetchetkine and the Bayesian Choir translated the song into English and arranged it for the choir.\n\nThe original can be found [here](https://www.youtube.com/watch?v=GJB_kRkwUOk)\n\nThe 2020 Bayesian Choir performance is [also on youtube](https://www.youtube.com/watch?v=S19KpxLSbwc). The music for this arrangement is available in [pdf](../Beautiful_Tomorrow_SATB_v1.4.pdf) and [MuseScore](../Beautiful_Tomorrow_SATB_v1.4.mscz) format.\n\nThere is also an arrangement for a guitar and two vocalists (soprano and alto) available in [pdf](../Beautiful_Tomorrow_duet.pdf) and [MuseScore](../Beautiful_Tomorrow_duet.mscz) format.\n\n[A recording of this from the 2020 North American Distributed Chorus](https://www.jefftk.com/solstice-2020/10-beautiful-tomorrow--2020-12-20-024637.mp3) is available.",
  "audioUrl": null,
  "previousVersionId": "b4034a8c-e1b1-4bf3-baaa-6f7fbc5fad7a",
  "nextVersionId": "ad9a2a36-84c4-4f6f-8b59-6a2c884f15c0",
  "originalVersionId": "0927306b-e093-491e-9b60-aa2283b01399",
  "renderedContent": null,
  "bpm": null,
  "transpose": null,
  "archived": false,
  "createdBy": "secularsolstice-import",
  "createdAt": "2025-03-23T17:03:58.000Z",
  "slidesMovieUrl": null,
  "slideMovieStart": null,
  "slideCredits": null,
  "programCredits": null,
  "blobUrl": null
}