{
  "id": "00f31e9d-7f8d-4f1f-8f7e-546803f44132",
  "songId": "d192fc66-43de-4652-abd2-2d013ee41962",
  "label": "Atoms With Consciousness.md",
  "content": "# Atoms with Consciousness, Matter with Curiousity\n## By Richard Feynman\n\nThere are the rushing waves    \nmountains of molecules    \neach stupidly minding its own business    \ntrillions apart    \nyet forming white surf in unison    \n\nAges on ages    \nbefore any eyes could see    \nyear after year    \nthunderously pounding the shore as now.    \nFor whom, for what?    \nOn a dead planet    \nwith no life to entertain.    \n\nNever at rest    \ntortured by energy    \nwasted prodigiously by the Sun    \npoured into space.    \nA mite makes the sea roar.    \n\nDeep in the sea    \nall molecules repeat    \nthe patterns of one another    \ntill complex new ones are formed.    \nThey make others like themselves    \nand a new dance starts.    \nGrowing in size and complexity    \nliving things    \nmasses of atoms    \nDNA, protein    \ndancing a pattern ever more intricate.    \n\nOut of the cradle    \nonto dry land    \nhere it is    \nstanding:    \natoms with consciousness;    \nmatter with curiosity.    \n\nStands at the sea,    \nwonders at wondering: I    \na universe of atoms    \nan atom in the Universe.",
  "audioUrl": null,
  "previousVersionId": null,
  "nextVersionId": null,
  "originalVersionId": "00f31e9d-7f8d-4f1f-8f7e-546803f44132",
  "renderedContent": null,
  "bpm": null,
  "transpose": null,
  "archived": false,
  "createdBy": "secularsolstice-import",
  "createdAt": "2025-03-23T17:03:58.000Z",
  "slidesMovieUrl": null,
  "slideMovieStart": null,
  "slideCredits": null,
  "programCredits": null,
  "blobUrl": null
}