{
  "id": "54c6426d-4ba2-4755-bf7d-c85c97d66770",
  "songId": "246bc1b9-32b4-40dc-8bea-708cda48a9f5",
  "label": "Beautiful Tomorrow SATB v1.4.mscz",
  "content": null,
  "audioUrl": null,
  "previousVersionId": null,
  "nextVersionId": null,
  "originalVersionId": "54c6426d-4ba2-4755-bf7d-c85c97d66770",
  "renderedContent": null,
  "bpm": null,
  "transpose": null,
  "archived": false,
  "createdBy": "secularsolstice-import",
  "createdAt": "2025-03-23T17:03:58.000Z",
  "dbCreatedAt": "2025-12-22T09:49:25.821Z",
  "slidesMovieUrl": null,
  "slideMovieStart": null,
  "slideCredits": null,
  "programCredits": null,
  "blobUrl": "https://rjtgd9k2jkfrnhfb.public.blob.vercel-storage.com/song-246bc1b9-32b4-40dc-8bea-708cda48a9f5/import-1766366266822-Beautiful_Tomorrow_SATB_v1.4.mscz"
}