{
  "id": "eb1bfdbc-3ea4-4c29-83b4-984b733892d0",
  "songId": "87b3d6bf-3704-428c-be44-bf5894e8858c",
  "label": "gen/Always Look on the Bright Side-chord-sheet.cho",
  "content": "\n{title: Always Look on the Bright Side of Life}\n\n[Am]Some things in life[D] are bad they[G] can really make[Em] you mad\n[Am]Other things just make[D] you swear[G] and curse\n[Am]When you've chewing[D] an life's gr[G]istle, Don't gr[Em]umble give a whistle\n[Am]And this'll help things turn out for [D7]the best\n\n[G]And alw[Em]ays look on [Am]the bri[D7]ght side[G] of lif[Em]e     [Am]      [D7]\n[G]Alwa[Em]ys look on t[Am]he lig[D7]ht side [G]of lif[Em]e     [Am]      [D7]\n\nIf life seems jolly rotten there's something you've forgotten\nand that's to laugh and smile and dance and sing.\nWhen you've feeling in the dumps don't be silly chumps\nJust purse your lips and whistle -- that's the thing\n\nAnd always look on the bright side of life\nCome on always look on the bright side of life\n\nFor life is quite absurd and death's the final word\nyou must always face the curtain with a bow\nForget about your sin -- give the audience a grin\nEnjoy it -- it's your last chance anyhow.\n\nSo always look on the bright side of death\njust before you draw your terminal breath\n\nLife's a piece of spit when you look at it\nLife's a laugh and death's a joke it's true\nYou'll see it's all a show -- keep'em laughing as you go\njust remember that the last laugh is on you\n\nAnd always look on the bright side of life\nAlways look on the right side of life\n[A]And alw[F#]ays look on [Bm]the br[E7]ight side[A] of l[F#]ife   [Bm]      [E7]\nAlways look on the right side of life (retardando)\n",
  "audioUrl": null,
  "previousVersionId": null,
  "nextVersionId": null,
  "originalVersionId": "eb1bfdbc-3ea4-4c29-83b4-984b733892d0",
  "renderedContent": null,
  "bpm": null,
  "transpose": null,
  "archived": false,
  "createdBy": "secularsolstice-import",
  "createdAt": "2025-12-22T08:31:11.000Z",
  "dbCreatedAt": "2025-12-23T21:09:39.633Z",
  "slidesMovieUrl": null,
  "slideMovieStart": null,
  "slideCredits": null,
  "programCredits": null,
  "blobUrl": null
}