{
  "id": "bb60c730-d9c9-45ac-8281-e0f53bb5ae5f",
  "songId": "fee12104-7134-4e2a-8e20-86fcc8d72f88",
  "label": "bitterLullaby.cho",
  "content": "\nLittle one, little one, bitter wind blown\nLittle one, little one, bitter wind blown\nLittle one, little one, bitter wind blown\nLittle one, little one, bitter wind blown\n\nSun barely rising above the horizon\nLittle one, little one, bitter wind blown\nFlowers are withering, naked bark brittle oh,\nLittle one, little one, bitter wind blown\n\nDon't understand why the light would abandon us,\nLittle one, little one, bitter wind blown\nAnd I don't know how much more he may demand of us\nLittle one, little one, bitter wind blown\n\nSun, sailing away\nI don't know where... I don’t know why…\nSky, darkening grey,\nWishing there weren’t so many goodbyes...\n\nLittle one, little one why...\nLittle one why...\n\nAsking me questions I don't have the answers to\nLittle one, little one, bitter wind blown\nWatching you shiver, and I don't know what to do\nLittle one, little one, bitter wind blown\n\nMaybe if we did the dance, said the words just right\nLittle one, little one, bitter wind blown\nMaybe he’d come back, maybe things would be all right\nLittle one, little one, bitter wind blown\n\nSun… sailing away…\nI don't know where… I don’t know why…\nSky… darkening grey,\nWishing there weren’t so many goodbyes...\n\nLittle one, little one why...\nLittle one why...\nLittle one why...\n",
  "audioUrl": null,
  "previousVersionId": null,
  "nextVersionId": "9670ba4e-24b4-455c-90a3-32b92c907cef",
  "originalVersionId": "bb60c730-d9c9-45ac-8281-e0f53bb5ae5f",
  "renderedContent": null,
  "bpm": 100,
  "transpose": 0,
  "archived": false,
  "createdBy": null,
  "createdAt": "2025-11-28T21:01:52.662Z",
  "slidesMovieUrl": null,
  "slideMovieStart": null,
  "slideCredits": null,
  "programCredits": null,
  "blobUrl": null
}