{
  "id": "0f168f2c-b54b-4c9e-b966-1f361914c5ac",
  "songId": "a141f954-1497-49fa-83b3-51599dbc4855",
  "label": "Makefile",
  "content": "PREFIX=Ballad_of_Smallpox_Gone-\nFILES_TO_LIST=lyrics.txt chord-sheet.cho chord-sheet.pdf \n\ngen/${PREFIX}lyrics.txt: chord-sheet.ugc\n\t../../scripts/parse_ugc.py chord-sheet.ugc --lyrics > gen/${PREFIX}lyrics.txt\ninclude ../Makefile.common",
  "audioUrl": null,
  "previousVersionId": "e7e35d17-7d2d-4cac-91a6-5239e2749018",
  "nextVersionId": "1595aaf1-ce67-4731-9f56-2ee78545e6ea",
  "originalVersionId": "e505cd77-5db1-4803-95f2-8a5c1bb39720",
  "renderedContent": null,
  "bpm": null,
  "transpose": null,
  "archived": false,
  "createdBy": "secularsolstice-import",
  "createdAt": "2025-03-23T17:03:58.000Z",
  "slidesMovieUrl": null,
  "slideMovieStart": null,
  "slideCredits": null,
  "programCredits": null,
  "blobUrl": null
}