{
  "id": "7a896044-1435-48ce-8114-036971e288ea",
  "songId": "183a53b0-ef36-4796-912e-61bad8316ac7",
  "label": "An Alien God.md",
  "content": "# An Alien God (Abridged)\n\n*[Original\n*[here](https://www.lesswrong.com/posts/pLRogvJLPPg6Mrvg4/an-alien-god),\n*scroll halfway down]*\n\n\n“Gods are ontologically distinct from creatures,” said Damien\nBroderick, “or they’re not worth the paper they’re written on.” And\nindeed, the Shaper of Life is not itself a creature. Evolution is\nbodiless, like the Judeo-Christian deity. Omnipresent in Nature,\nimmanent in the fall of every leaf. Vast as a planet’s\nsurface. Billions of years old. Itself unmade, arising naturally from\nthe structure of physics.\n\nDoesn’t that all sound like something that might have been said about\nGod?\n\nAnd yet the Maker has no mind, as well as no body. In some ways, its\nhandiwork is incredibly poor design. It’s internally divided.\n\nMost of all, it isn’t nice.\n\nIn a way, Darwin discovered God - a God that failed to match the\npreconceptions of theology, and so passed unheralded. If Darwin had\ndiscovered that life was created by an intelligent agent - a bodiless\nmind that loves us, and will smite us with lightning if we dare say\notherwise - people would have said “My gosh! That’s God!”\n\nBut instead Darwin discovered a strange alien God - not comfortably\n“ineffable”, but genuinely different from us. If Evolution were a god,\nit wouldn’t be Jehovah. It would be H. P. Lovecraft’s Azathoth, the\nblind idiot God burbling chaotically at the center of everything,\nsurrounded by the thin monotonous piping of flutes.\n\nWhich you might have predicted, if you had really looked at Nature.\n\nSo much for the claim some theists make, that they believe in a vague\ndeity. That they are waiting innocently curious for Science to\ndiscover God. Science has already discovered the godlike maker of\nhumans - but it wasn’t what the theists wanted to hear. They were\nwaiting for the discovery of their God, the highly specific God they\nwant to be there. They shall wait forever, for the great discovery has\nalready taken place, and the winner is Azathoth.\n\nWell, more power to us humans. I like having a Creator I can outwit.",
  "audioUrl": null,
  "previousVersionId": null,
  "nextVersionId": null,
  "originalVersionId": "7a896044-1435-48ce-8114-036971e288ea",
  "renderedContent": null,
  "bpm": null,
  "transpose": null,
  "archived": false,
  "createdBy": "secularsolstice-import",
  "createdAt": "2025-03-23T17:03:58.000Z",
  "slidesMovieUrl": null,
  "slideMovieStart": null,
  "slideCredits": null,
  "programCredits": null,
  "blobUrl": null
}