{
  "id": "9668532b-6e26-48d6-a56d-b55f82c4c7ac",
  "songId": "ee93ad59-71e8-43a3-9d8d-29af513ce4c4",
  "label": "README.md",
  "content": "#  Bitter Wind Blown\n\n## By Raymond Arnold\n## A lullaby for a child that is shivering in the cold\n\nThis song takes on the \"winter\" concept most directly: the cold and\ndarkness and *danger* for the unprepared.\n\nIn some places, it is referred to as \"Bitter Wind Lullaby\" to distinguish it\nfrom the later [Bitter Wind March](../../Bitter_Wind_March/gen/)\n\nThis song is available for sale via bandcamp in [all three albums](https://humanistculture.bandcamp.com/).\n\n[A recording of this from the 2020 North American Distributed Chorus](https://www.jefftk.com/solstice-2020/01-bitter-wind-blown--2020-12-20-011646.mp3) is available.\n\nA [Bayesian Choir Performance](https://www.youtube.com/watch?v=VNIaA5WJaHE) of this song was on Youtube, and still probably exists somewhere.",
  "audioUrl": null,
  "previousVersionId": "fba2570f-3e54-46ee-87a1-ff86ad9f39ac",
  "nextVersionId": "f00dab9f-cfd5-4e8a-ac8c-f366f9ca4b97",
  "originalVersionId": "fba2570f-3e54-46ee-87a1-ff86ad9f39ac",
  "renderedContent": null,
  "bpm": null,
  "transpose": null,
  "archived": false,
  "createdBy": "secularsolstice-import",
  "createdAt": "2025-03-23T17:03:58.000Z",
  "slidesMovieUrl": null,
  "slideMovieStart": null,
  "slideCredits": null,
  "programCredits": null,
  "blobUrl": null
}