{
  "id": "0e5a14f5-116b-4cf6-8789-c7447794f523",
  "songId": "90963b6e-da49-47d5-aca6-35deee7baca3",
  "label": "letterToIomedae.txt",
  "content": null,
  "audioUrl": null,
  "previousVersionId": null,
  "nextVersionId": "afa011bd-197b-4a1a-9e0f-afef46647e37",
  "originalVersionId": "0e5a14f5-116b-4cf6-8789-c7447794f523",
  "renderedContent": null,
  "bpm": 100,
  "transpose": 0,
  "archived": false,
  "createdBy": "Raymond",
  "createdAt": "2025-12-03T03:18:46.298Z",
  "dbCreatedAt": "2025-12-22T09:49:25.821Z",
  "slidesMovieUrl": null,
  "slideMovieStart": null,
  "slideCredits": null,
  "programCredits": null,
  "blobUrl": null
}