{
  "id": "03102e68-d1c9-4ed9-b575-ec0b51913281",
  "songId": "246bc1b9-32b4-40dc-8bea-708cda48a9f5",
  "label": "gen/Beautiful Tomorrow-chord-sheet.cho",
  "content": null,
  "audioUrl": null,
  "previousVersionId": null,
  "nextVersionId": null,
  "originalVersionId": "03102e68-d1c9-4ed9-b575-ec0b51913281",
  "renderedContent": null,
  "bpm": null,
  "transpose": null,
  "archived": false,
  "createdBy": "secularsolstice-import",
  "createdAt": "2025-12-22T08:31:11.000Z",
  "dbCreatedAt": "2025-12-23T21:09:45.229Z",
  "slidesMovieUrl": null,
  "slideMovieStart": null,
  "slideCredits": null,
  "programCredits": null,
  "blobUrl": "https://rjtgd9k2jkfrnhfb.public.blob.vercel-storage.com/song-246bc1b9-32b4-40dc-8bea-708cda48a9f5/import-1766524184862-gen-Beautiful_Tomorrow-chord-sheet.cho"
}