{
  "id": "1bd8ae86-98f1-4afb-ab27-474a194f692e",
  "songId": "ee93ad59-71e8-43a3-9d8d-29af513ce4c4",
  "label": "gen/thumb.png",
  "content": null,
  "audioUrl": null,
  "previousVersionId": null,
  "nextVersionId": null,
  "originalVersionId": "1bd8ae86-98f1-4afb-ab27-474a194f692e",
  "renderedContent": null,
  "bpm": null,
  "transpose": null,
  "archived": false,
  "createdBy": "secularsolstice-import",
  "createdAt": "2025-12-22T08:31:11.000Z",
  "dbCreatedAt": "2025-12-23T21:09:49.765Z",
  "slidesMovieUrl": null,
  "slideMovieStart": null,
  "slideCredits": null,
  "programCredits": null,
  "blobUrl": "https://rjtgd9k2jkfrnhfb.public.blob.vercel-storage.com/song-ee93ad59-71e8-43a3-9d8d-29af513ce4c4/import-1766524188804-gen-thumb.png"
}