{
  "id": "56bf7221-2386-40cf-95a0-d7de00647be5",
  "songId": "b5f2b371-da8e-48c9-93ba-42d61de7a004",
  "label": "sheet-music.ly",
  "content": "\\version \"2.18.2\"\n\n\\header {\n  title = \"Beneath Midwinter Midnight\"\n  subtitle = \"A Song of Night\"\n  composer = \"Raymond Arnold\"\n}\n\nva = \\lyricmode {\n  Be -- neath mid -- win -- ter mid -- night moon\n  _ Told you I'd be com -- ing soon\n  I wish some -- how, I wish you knew\n  that you are not a -- lone.\n\n  You are not a -- lone.\n}\n\nvb = \\lyricmode {\n  Be -- neath mid -- win -- ter mid -- night snow\n  There's no sign point -- ing where to go\n  No sing -- le sign that life could grow\n  But still, you're not a -- lone.\n\n  You are not a -- lone.\n}\n\nvc = \\lyricmode {\n  Be -- neath mid -- win -- ter mid -- night sky\n  _ Some -- times peo -- ple say good -- bye,\n  And no one's here to tell us why\n  But we are not a -- lone.\n\n  We are not a -- lone.\n}\n\nvd = \\lyricmode {\n  Be -- neath mid -- win -- ter morn -- ing light\n  _ Get -- ting hard to know what's right\n  But take my hand and hold on tight\n  Cause we are not a -- lone.\n\n  We are not a -- lone\n}\n\ncoda = \\lyricmode {\n  No we are not a -- lone\n}\n\nmelody = \\relative c'' {\n  \\time 2/4\n  \\repeat volta 4 {\n    r4 a c4. b8 a4 g a g b2 \\break\n    << {r} {s4. \\parenthesize d8} >>\n    d4. c8 b4 a b8 a4. c2 \\break\n    r4. d8 d4 c b4. d8 e4 c b2 \\break \n    r4 a b4. a8 a4 g4 a2  \\break\n    r b4. a8 a4 g4 a2 \\break\n  }\n  a b ~ b4 a a2 r8 g4. a2 ~ a\n}\n\nharmony = {\n  \\chordmode {\n    a1:m s s2\n    d1:m s s2\n    e1 s s2\n    a1:m s\n    a1:m7 s\n    a1:m\n  }\n}\n\n\\score {\n  <<\n\n    \\new ChordNames {\n      \\set ChordNames.midiInstrument=#\"acoustic guitar (nylon)\"\n      \\set ChordNames.midiMaximumVolume=#0.5\n      \\harmony\n    }\n    \\new Voice = \"one\" {\n      \\tempo 4 = 110\n      \\set Staff.midiInstrument = #\"voice oohs\"\n      \\set Staff.midiMinimumVolume = #0.8\n      \\set Staff.midiMaximumVolume = #1\n      \\melody\n    }\n    \\new Lyrics = \"va\"\\lyricsto \"one\" {\n      <<\n         \\va\n         \\new Lyrics = \"v2\"\n          \\with { alignBelowContext = #\"va\" } {\n           \\set associatedVoice = \"one\"\n           \\vb\n         }\n      \n         \\new Lyrics = \"v3\"\n           \\with { alignBelowContext = #\"v2\" } {\n             \\set associatedVoice = \"one\"\n             \\vc\n         }\n         \\new Lyrics = \"v4\" \n         \\with { alignBelowContext = #\"v3\" } {\n           \\set associatedVoice = \"one\"\n           \\vd\n         }\n       >>\n      \\coda\n    }\n  >>\n  \\layout {}\n  \\midi {}\n}",
  "audioUrl": null,
  "previousVersionId": "64fa5413-141e-421d-947b-6f94ed30cac0",
  "nextVersionId": "ed3e1c5d-c705-4c3d-a56d-a1f3bc656d43",
  "originalVersionId": "132c31c6-35d3-4bf2-8de5-346b8b2a9f27",
  "renderedContent": null,
  "bpm": null,
  "transpose": null,
  "archived": false,
  "createdBy": "secularsolstice-import",
  "createdAt": "2025-03-23T17:03:58.000Z",
  "dbCreatedAt": "2025-12-22T09:49:25.821Z",
  "slidesMovieUrl": null,
  "slideMovieStart": null,
  "slideCredits": null,
  "programCredits": null,
  "blobUrl": null
}