{
  "id": "93211f52-75bd-48b4-aafc-a8f94894e2a1",
  "songId": "a394c47e-f843-4676-9a9f-84c28288d2c7",
  "label": "gen/Beyond All Towers-sheet-music-raise.pdf",
  "content": null,
  "audioUrl": null,
  "previousVersionId": null,
  "nextVersionId": null,
  "originalVersionId": "93211f52-75bd-48b4-aafc-a8f94894e2a1",
  "renderedContent": null,
  "bpm": null,
  "transpose": null,
  "archived": false,
  "createdBy": "secularsolstice-import",
  "createdAt": "2025-12-22T08:31:11.000Z",
  "dbCreatedAt": "2025-12-23T21:09:45.860Z",
  "slidesMovieUrl": null,
  "slideMovieStart": null,
  "slideCredits": null,
  "programCredits": null,
  "blobUrl": "https://rjtgd9k2jkfrnhfb.public.blob.vercel-storage.com/song-a394c47e-f843-4676-9a9f-84c28288d2c7/import-1766524185212-gen-Beyond_All_Towers-sheet-music-raise.pdf"
}