{
  "id": "ec86287e-4825-4223-a32f-6ac99d4dff15",
  "songId": "b5f2b371-da8e-48c9-93ba-42d61de7a004",
  "label": "README.md",
  "content": "# Beneath Midwinter Midnight\n## By Raymond Arnold\n## A lament of winter, contrasting with repeated \"we are not alone\"s\n\nThis song is available for sale via bandcamp in the [2014](https://humanistculture.bandcamp.com/album/solstice-2014) album.\n\nThe original 2014 version (recorded on bandcamp) is a capella with call-and-response for every line.  The 2023 version (the sheet music) has sparse chords for a guitar, goes well with cello, and does not use call-and-response.  It's a flexible song, that way.",
  "audioUrl": null,
  "previousVersionId": "bcfdb9ca-8cae-422f-8e92-7b1ce3d7a64d",
  "nextVersionId": "7a87c6c7-aab6-4b1e-b123-59c145d52013",
  "originalVersionId": "132c31c6-35d3-4bf2-8de5-346b8b2a9f27",
  "renderedContent": null,
  "bpm": null,
  "transpose": null,
  "archived": false,
  "createdBy": "secularsolstice-import",
  "createdAt": "2025-03-23T17:03:58.000Z",
  "slidesMovieUrl": null,
  "slideMovieStart": null,
  "slideCredits": null,
  "programCredits": null,
  "blobUrl": null
}