{
  "id": "0927306b-e093-491e-9b60-aa2283b01399",
  "songId": "246bc1b9-32b4-40dc-8bea-708cda48a9f5",
  "label": "Beautiful_Tomorrow_duet.ly",
  "content": "\\version \"2.24.0\"\n\n\\header {\n  title = \"Praeludium Es-Dur\"\n  subtitle = \"(für Violine und Orgel)\"\n  composer = \"Felix Mendelssohn-Bartholdy\"\n  arranger = \"\"\n  opus = \"\"\n  copyright = \"\"\n  tagline = \"\"\n}\n\n\\score {\n  {\n    \\new StaffGroup <<\n        \\new Staff \\with { instrumentName = \"Violin\" } \\violinVoice\n        \\new PianoStaff \\with { instrumentName = \"Organ\" } <<\n          \\new Staff = \"staffUpper\" \\organRightVoice\n          \\new Staff = \"staffLower\" \\organLeftVoice\n          \\new Staff = \"staffPedal\" \\organPedalVoice\n        >>\n      >>\n      indent = 0.5\\cm\n    \\new Staff <<\n      \\clef \"bass\"\n      \\key c \\major\n      \\time 4/4\n      \\relative c {\n        \\stemUp\n        <a g'>2. <g f'>4 |\n        <f e'>2. <e d'>4 |\n        <d c'>2. <c b>4 |\n        <b a>2. <a g>4 |\n        <g f>2. <g f>4 |\n        <c' b>2. <c' b>4 |\n        <d' c'>2. <d' c'>4 |\n        <a' g'>2. <a' g'>4 |\n        <g' f'>2. <g' f'>4 |\n        <c'' b'>2. <c'' b'>4 |\n        <d'' c''>2. <d'' c''>4 |\n        <e'' d''>2. <e'' d''>4 |\n        <c'' b'>2. <c'' b'>4 |\n        <a'' g''>2. <a'' g''>4 |\n        <g'' f''>2. <g'' f''>4 |\n      }\n      \\new Voice {\n        \\relative c'' {\n          s2. s4 |\n          s2. s4 |\n          s2. s4 |\n          s2. s4 |\n          s2. s4 |\n          s2. s4 |\n          s2. s4 |\n          s2. s4 |\n          s2. s4 |\n          s2. s4 |\n          s2. s4 |\n          s2. s4 |\n          s2. s4 |\n          s2. s4 |\n          s2. s4 |\n        }\n      }\n    >>\n    \\new Staff \\relative c'' {\n    % Bar 57\n      d4 g,8 g a4. d,8 |\n      g4 c,8 c d4. g,8 |\n      c4 f,8 f g4. c,8 |\n      f4 bes,8 bes c4. f,8 |\n    }\n    \n    \\new Staff \\relative c' {\n    % Bar 57\n      b4 e,8 e f4. b,8 |\n      e4 a,8 a b4. e,8 |\n      a4 d,8 d e4. a,8 |\n      d4 g,8 g a4. d,8 |\n    }\n    \n    \\new Staff \\relative c'' {\n    % Bar 65\n      g4 c,8 c d4. g,8 |\n      c4 f,8 f g4. c,8 |\n      f4 bes,8 bes c4. f,8 |\n      bes4 es,8 es f4. bes,8 |\n    }\n    \n    \\new Staff \\relative c'' {\n    % Bar 65\n      e4 a,8 a b4. e,8 |\n      a4 d,8 d e4. a,8 |\n      d4 g,8 g a4. d,8 |\n      g4 c,8 c d4. g,8 |\n    }\n    \n    \\new Staff \\relative c''' {\n    % Bar 73\n      f4 bes,8 bes c4. bes,8 |\n      a4 d,8 d g4. d,8 |\n      c4 f,8 f bes4. f,8 |\n      e4 a,8 a d4. a,8 |\n    }\n    \n    \\new Staff \\relative c''' {\n    % Bar 73\n      bes4 es,8 es f4. es,8 |\n      d4 g,8 g c4. g,8 |\n      f4 bes,8 bes es4. bes,8 |\n      a4 d,8 d g4. d,8 |\n    }\n    \n    \\new Staff \\relative c''' {\n    % Bar 81\n      c4. c8 d4. d8 |\n      e4. e8 f4. f8 |\n      g4. g8 a4. a8 |\n      bes4. bes8 c4. c8 |\n    }\n    \n    \\new Staff \\relative c' {\n    % Bar 81\n      f4. f8 g4. g8 |\n      a4. a8 b4. b8 |\n      c4. c8 d4. d8 |\n      e4. e8 f4. f8 |\n    }\n    \\new Staff \\relative c'' {\n      \\clef \"treble\"\n      \\key c \\major\n      \\time 4/4\n      r1 |\n      r1 |\n      r1 |\n      r1 |\n      r1 |\n      r1 |\n      r1 |\n      r1 |\n      r1 |\n      r1 |\n      r1 |\n      r1 |\n      r1 |\n      r1 |\n      r1 |\n      r1 |\n      r1 |\n      r1 |\n      r1 |\n      r1 |\n      r1 |\n      r1 |\n      r1 |\n      r1 |\n      r1 |\n      r1 |\n    }\n    \\new Staff \\relative c {\n      \\clef \"bass\"\n      \\key c \\major\n      \\time 4/4\n      r1 |\n      r1 |\n      r1 |\n      r1 |\n      r1 |\n      r1 |\n      r1 |\n      r1 |\n      r1 |\n      r1 |\n      r1 |\n      r1 |\n      r1 |\n      r1 |\n      r1 |\n      r1 |\n      r1 |\n      r1 |\n      r1 |\n      r1 |\n      r1 |\n      r1 |\n      r1 |\n      r1 |\n      r1 |\n      r1 |\n    }\n    \\new Staff \\relative c'' {\n      \\clef \"treble\"\n      \\key c \\major\n      \\time 4/4\n    \n      fis4 g a fis |\n      g4 a b g |\n      a4 b c b |\n      a4 g fis e |\n      fis4^\"D.C.\" r r r |\n    }\n    \n    \\new Staff \\relative c' {\n      \\clef \"bass\"\n      \\key c \\major\n      \\time 4/4\n    \n      d4 d d d |\n      e4 e e e |\n      f4 f f f |\n      e4 e e e |\n      d4^\"attacca\" r r r |\n    }\n  }\n  \\layout {\n    \\context {\n      \\Staff\n      \\RemoveEmptyStaves\n    }\n}",
  "audioUrl": null,
  "previousVersionId": null,
  "nextVersionId": "08de16fc-b463-4b0a-8d5c-3765ff6ecc10",
  "originalVersionId": "0927306b-e093-491e-9b60-aa2283b01399",
  "renderedContent": null,
  "bpm": null,
  "transpose": 0,
  "archived": false,
  "createdBy": null,
  "createdAt": "2025-11-23T22:23:35.435Z",
  "dbCreatedAt": "2025-12-22T09:49:25.821Z",
  "slidesMovieUrl": null,
  "slideMovieStart": null,
  "slideCredits": null,
  "programCredits": null,
  "blobUrl": null
}