{
  "id": "1c58a5a9-456a-493b-99c4-14cc272a46a9",
  "songId": "347696de-4291-4522-8a51-84927ed8129c",
  "label": "gen/thumb.png",
  "content": null,
  "audioUrl": null,
  "previousVersionId": null,
  "nextVersionId": null,
  "originalVersionId": "1c58a5a9-456a-493b-99c4-14cc272a46a9",
  "renderedContent": null,
  "bpm": null,
  "transpose": null,
  "archived": false,
  "createdBy": "secularsolstice-import",
  "createdAt": "2025-12-22T08:31:11.000Z",
  "dbCreatedAt": "2025-12-23T21:09:54.576Z",
  "slidesMovieUrl": null,
  "slideMovieStart": null,
  "slideCredits": null,
  "programCredits": null,
  "blobUrl": "https://rjtgd9k2jkfrnhfb.public.blob.vercel-storage.com/song-347696de-4291-4522-8a51-84927ed8129c/import-1766524193763-gen-thumb.png"
}