{
  "id": "34a8550c-c16f-4896-9849-586a8fd200f2",
  "songId": "b5f2b371-da8e-48c9-93ba-42d61de7a004",
  "label": "lyrics.txt",
  "content": "(Call-and-response every line)\n\nBeneath midwinter midnight moon \nTold you I'd be coming soon \nI wish somehow, I wish you knew \nthat you are not alone. \n\nYou are not alone. \n\nBeneath midwinter midnight snow \nThere's no sign pointing where to go \nNo single sign that life could grow \nBut still, you're not alone. \n\nYou are not alone. \n\nBeneath midwinter midnight sky \nSometimes people say goodbye, \nAnd no one's here to tell us why \nBut we are not alone. \n\nBut we are not alone. \n\nBeneath midwinter morning light \nGetting hard to know what's right \nBut take my hand and hold on tight \nCause we are not alone. \n\nWe are not alone \nWe are not alone",
  "audioUrl": null,
  "previousVersionId": null,
  "nextVersionId": null,
  "originalVersionId": "34a8550c-c16f-4896-9849-586a8fd200f2",
  "renderedContent": null,
  "bpm": null,
  "transpose": null,
  "archived": false,
  "createdBy": "secularsolstice-import",
  "createdAt": "2025-03-23T17:03:58.000Z",
  "dbCreatedAt": "2025-12-22T09:49:25.821Z",
  "slidesMovieUrl": null,
  "slideMovieStart": null,
  "slideCredits": null,
  "programCredits": null,
  "blobUrl": null
}