{
  "id": "b2f426a7-ddaa-4f22-b297-fcd02f29ff60",
  "songId": "a8d72324-cd9e-4d9f-b603-2675180bd11c",
  "label": "gen/A Thousand Stars-lyrics.txt",
  "content": "A thousand stars erect a shrine\nof wordless worlds embracing night.\nA candle blooms and spreads its shine\nand fills our hearts with such delight.\n\nWithin its silence we rejoice,\nenraptured by this blissful light,\nas if this shrine could have a voice\nthat rings throughout this solstice night.\n\nFrom now the darkness falls away\nfor we have lit this light of ours.\nInto next years it shows our way\non through these silent, starlit hours.\n\n",
  "audioUrl": null,
  "previousVersionId": null,
  "nextVersionId": null,
  "originalVersionId": "b2f426a7-ddaa-4f22-b297-fcd02f29ff60",
  "renderedContent": null,
  "bpm": null,
  "transpose": null,
  "archived": false,
  "createdBy": "secularsolstice-import",
  "createdAt": "2025-12-22T08:31:11.000Z",
  "dbCreatedAt": "2025-12-23T21:09:38.618Z",
  "slidesMovieUrl": null,
  "slideMovieStart": null,
  "slideCredits": null,
  "programCredits": null,
  "blobUrl": null
}