{
  "id": "58e19450-be90-4dd5-9766-d2af6515f281",
  "songId": "48fb64ac-2c5a-4b65-82b7-3c7549344b0e",
  "label": "A Changing Mythology.md",
  "content": "# A Changing Mythology\n## By Raymond Arnold\n\nSmallpox has a kind of mythological vibe to it. It’s this ancient disease that’s been with us since before we even had writing to record the names of the victims. It killed in ancient Egypt. India. China. And then after thousands of years we band together, we find the tools to defeat and it we rid the world of our ancient enemy once and for all.\n\nIt’s a story I’ve drawn a lot of strength from - it reminds me what humanity is capable of.\n\nThe problem with mythology, though, is that sometimes it turns out not to be true. And three days ago, I learned that nine days ago, some new genetic evidence came out suggesting Smallpox may only be 500 years old, instead of 12,000.\n\nNow, I’m a guy who cares a *lot* about evidence and critical thinking. I’ve spent the past 5 years training myself not to flinch or make excuses when I find new evidence that contradicts my favorite stories. But even today, there’s a part of me that’s like… “REALLY science? Really? Three days? Three days before Solstice and you gotta go change reality and make me rewrite all my speeches?”\n\nAnd the thing to remember is that *reality* didn’t change. Reality is exactly the same way it’s always been. The only thing that’s changed is my state of ignorance. \n\nUltimately, Solstice is about a new kind of mythology",
  "audioUrl": null,
  "previousVersionId": null,
  "nextVersionId": null,
  "originalVersionId": "58e19450-be90-4dd5-9766-d2af6515f281",
  "renderedContent": null,
  "bpm": null,
  "transpose": null,
  "archived": false,
  "createdBy": "secularsolstice-import",
  "createdAt": "2025-03-23T17:03:58.000Z",
  "dbCreatedAt": "2025-12-22T09:49:25.821Z",
  "slidesMovieUrl": null,
  "slideMovieStart": null,
  "slideCredits": null,
  "programCredits": null,
  "blobUrl": null
}