{
  "id": "e48a4ade-0dbe-43c2-a468-089f4dc76836",
  "songId": "71e34f7a-1649-4f30-b94f-7496640c696a",
  "label": "gen/index.html",
  "content": "<html>\n  <head>\n    <title>And So It Goes</title>\n    <meta charset=\"utf-8\">\n\t<meta name=\"viewport\" content=\"width=device-width initial-scale=1.0\">\n    <link rel=stylesheet href=../../../theme.css>\n    <script src='../../../theme-switcher.js'></script>\n    <meta property='og:image' content='https://secularsolstice.github.io/songs/And_So_It_Goes/gen/thumb.png' />\n    <meta name='twitter:image' content='https://secularsolstice.github.io/songs/And_So_It_Goes/gen/thumb.png' />\n    <meta property='og:title' content='And So It Goes' />\n    <meta property='og:description' content=' By Billy Joel //  A lament of love, pain and acceptance // An outside song.  [Original music video](https://www.youtube.com/watch?v=FHO6a2H-pqY),  [Lyrics](https://genius.com/Billy-joel-and-so-it-goes-lyrics)' />\n  </head>  <body> \n    <div class=header>\n      <a href=\"/\">Home</a>\n      <a href=\"/lists/gen/All_Songs.html\">Songs</a>\n      <a href=\"/lists/gen/All_Speeches.html\">Speeches</a>\n      <a href=\"/misc/gen/Programs.html\">Programs</a>\n    </div>\n<div class=notes>\n<h1 id=\"and-so-it-goes\">And So It Goes</h1>\n<h2 id=\"by-billy-joel\">By Billy Joel</h2>\n<h2 id=\"a-lament-of-love-pain-and-acceptance\">A lament of love, pain and acceptance</h2>\n<p>An outside song. <a href=\"https://www.youtube.com/watch?v=FHO6a2H-pqY\">Original music video</a>, <a href=\"https://genius.com/Billy-joel-and-so-it-goes-lyrics\">Lyrics</a></p>\n<p><a href=https://github.com/SecularSolstice/SecularSolstice.github.io/edit/master/songs/And_So_It_Goes/README.md class=editbutton>edit description</a></p>\n</div>\n<h2>Lyrics</h2><p class=lyrics>\n</p>\n<h2>Files</h2><ul>\n<li><a href=thumb.png>thumb.png</a>\n</ul>\n<a class=rawgit href=https://github.com/SecularSolstice/SecularSolstice.github.io/tree/master/songs/And_So_It_Goes>Raw Git Folder</a>\n</body></html>\n",
  "audioUrl": null,
  "previousVersionId": null,
  "nextVersionId": null,
  "originalVersionId": "e48a4ade-0dbe-43c2-a468-089f4dc76836",
  "renderedContent": null,
  "bpm": null,
  "transpose": null,
  "archived": false,
  "createdBy": "secularsolstice-import",
  "createdAt": "2025-12-22T08:31:11.000Z",
  "dbCreatedAt": "2025-12-23T21:09:39.172Z",
  "slidesMovieUrl": null,
  "slideMovieStart": null,
  "slideCredits": null,
  "programCredits": null,
  "blobUrl": null
}