{
  "id": "1f378fbd-3c2e-490f-b41e-7ca1ac1e1ef3",
  "songId": "e75f4266-82bb-49ed-ad35-2eac5f9ec2d8",
  "label": "README.md",
  "content": "#  Always Look on the Bright Side\n\n## By Monty Python\n\nA silly song about making the best of terrible things\n\nNYC generally opens with this one. It has the advantage that everyone knows it. It also foreshadows all the dark elements of the Solstice while being bright and silly itself.\n\nYou can watch [the original\nvideo](https://www.youtube.com/watch?v=jHPOzQzk9Qo) for a sense of the\nidea and the sound.",
  "audioUrl": null,
  "previousVersionId": "4c0ef68c-f954-4d9e-878b-db5b46c2cafb",
  "nextVersionId": "95515eb5-ca28-4f72-bb08-caa19173c623",
  "originalVersionId": "1f5f7c54-6fe4-48d1-a62a-5c8b0eac322f",
  "renderedContent": null,
  "bpm": null,
  "transpose": 0,
  "archived": false,
  "createdBy": null,
  "createdAt": "2025-11-24T00:40:43.240Z",
  "slidesMovieUrl": null,
  "slideMovieStart": null,
  "slideCredits": null,
  "programCredits": null,
  "blobUrl": null
}