{
  "id": "7dde9a7a-6317-4848-8b3d-11e39f924fcb",
  "songId": "a6e1f99b-b091-46a7-baf1-9b137515b52f",
  "label": "2025-bay.cho",
  "content": null,
  "audioUrl": null,
  "previousVersionId": null,
  "nextVersionId": "44ba2c64-154d-491b-9a86-dc0d4a5ddbdd",
  "originalVersionId": "7dde9a7a-6317-4848-8b3d-11e39f924fcb",
  "renderedContent": null,
  "bpm": null,
  "transpose": 0,
  "archived": false,
  "createdBy": null,
  "createdAt": "2025-11-27T21:50:31.633Z",
  "slidesMovieUrl": null,
  "slideMovieStart": null,
  "slideCredits": null,
  "programCredits": null,
  "blobUrl": null
}