{
  "id": "e75847fa-e450-40e1-8864-7e933d9db544",
  "songId": "5f4453c2-eff7-4cd7-be92-cb76134ab63c",
  "label": "main.cho",
  "content": "[77ish bpm (may get a little faster later), Buck on guitar]\n\n[quiet single piano chords in a low register, not quite in tempo. each chord is a full measure]\nBm A E G\n\n[quiet, pensive. one chord per measure - just piano]\n     Bm\nA _possible child,\nA\n_Dreaming through the longest night,\n     Em\nA _possible smile,\nG\n_Waking to a distant light,\n[guitar & violin come in quietly]\n     Bm\nA _possible world,\nD\n_Tell me what you wanna see,\nE\n_Where's that child going, tell me\nG\n_Who's that child gonna be...\n\n[mezzo forte]\n     Bm\nIn _five thousand years,\nA\n_Whatcha wanna do, whatcha wanna see,\n\n      Em\nIn _five thousand years,\nG\n_Where we wanna go, who we wanna be, in another\n\nBm\n_Five thousand years,\nD\n_If we boldly set our sights,\nE\n_Journey through the coldest night\n\n     G\nIn _five thousand years…\n\n[just a little quieter]\nBm    A\n…oh…\nEm     G\n_Five thousand years.\n\n[mezzo forte, rhythmic & determined]\n                   Bm\nWe could _build a brand new home,\n                   A\nWe could _raise the glass domes high,\n\n         Em\nAnd _in a century or three\n          G\nOur _children might look at the sky\n\n          Bm\nAnd _then at last they'd see\n           D\nThat _distant yellow sun,\n\n[building up a little over this & next line]\n         E\nThe _cradle of humanity,\n          G\nAnd _all the things we might become\n\n[fairly loud, high energy]\n     Bm\nIn _five thousand years -\nA\nWhatcha _wanna do, whatcha wanna see, in another\n\nEm\n_Five thousand years,\nG\n_Where we wanna go, who we wanna be, in another\nBm\n\n_Five thousand years\nD\n_If we sailed across the stars,\nE\n_Unimaginably far\n\n---\n\n     G\nIn _five thousand years…\n\n[gradually getting a little softer]\nBm        A\n…oh…\n[hold last chord, quieter]\nEm         G\n_Five thousand years.\n\n[quiet, solemn]\n          Bm\nAnd _maybe good folk still might die,\n         A\nBut _maybe not, we gotta try\n   Em\nI _don't quite know what shape we'd take,\n[starting a slow crescendo & building intensity]\n   G\nI _don't quite know what world we'd make,\n\n    Bm\nI _don't quite know how things might change,\n\n   D\nI _don't quite know what rules we'd break,\n[pretty intense by here]\n          E\nOur _present selves might think it strange\n[eighth note strums?]\n         G\nBut _there's so many lives at stake\n\n[high energy, rhythmic]\n         Bm\nAnd _entropy is bearin' down,\n         A\nBut _we’ve got tricks for stickin’ round,\n\n          Em\nAnd _if we live to see the day\n          G\nThat _yellow fades to red then grey,\n\n---\n\n          Bm\nWe'll _take a moment, one by one,\nD\n_Turn to face the dying sun,\n\nE\nBittersweetly wave goodbye–\n        G\nThe _journey's only just begun\n\n---\n\n[loud!]\n      Bm\nIn five thousand years —\nA\nWhatcha wanna do, whatcha wanna see, in another\n\nEm\nFive million years —\nG\nWhere we wanna go, who we wanna, in another\n\nBm\nFive billion years —\nD\nWhen all that we once knew is gone,\n         E\nOur legacy will carry on\n\n     G\nIn five billion years…\n\n[instrumental - high energy!]\nBm     A     Em    G\nBm    D     E        G \n\n[gradual decresc]\nBm\n_Five billion years —\nA\n_Whatcha wanna do, whatcha wanna see\n\n      Em\nIn _five billion years\nG\n_Where we wanna go, who we wanna be\n\n---\n\n[quiet, slowing down slightly, mostly just hold each chord]\n     Bm\n_In five billion years\nD\n_Where we wanna go…\n\n      E\n_In five billion years\n[hold chord, out of time]\nG\n_Who we wanna be?\n\n",
  "audioUrl": null,
  "previousVersionId": "ff72e9f8-9187-46e3-8732-c6e1b712cfe9",
  "nextVersionId": null,
  "originalVersionId": "9f79dd2f-86c3-4b5f-a409-412786f07e51",
  "renderedContent": null,
  "bpm": 100,
  "transpose": 0,
  "archived": false,
  "createdBy": "Raymond",
  "createdAt": "2025-12-06T20:34:36.284Z",
  "slidesMovieUrl": null,
  "slideMovieStart": null,
  "slideCredits": null,
  "programCredits": "By Raymond Arnold.",
  "blobUrl": null
}