{
  "id": "b44db2d6-1384-4165-b182-e5e46141cd00",
  "songId": "71e34f7a-1649-4f30-b94f-7496640c696a",
  "label": "Makefile",
  "content": "include ../Makefile.common",
  "audioUrl": null,
  "previousVersionId": "7797a20e-afdc-443e-ac6d-39e5bbb2ba9b",
  "nextVersionId": "09853f3e-a017-4596-97d4-d330d677c748",
  "originalVersionId": "b629c56e-22e3-43ec-a3bc-104ccc735e39",
  "renderedContent": null,
  "bpm": null,
  "transpose": null,
  "archived": false,
  "createdBy": "secularsolstice-import",
  "createdAt": "2025-03-23T17:03:58.000Z",
  "dbCreatedAt": "2025-12-22T09:49:25.821Z",
  "slidesMovieUrl": null,
  "slideMovieStart": null,
  "slideCredits": null,
  "programCredits": null,
  "blobUrl": null
}