{
  "id": "91d9b4ed-41e9-4f31-8a05-c79fcc7cea3c",
  "songId": "68fc4f81-acf9-473a-85f4-2d9f516d682e",
  "label": "Beauty After Trauma.md",
  "content": "# Finding Beauty After Trauma\n## By Rivka Fleischman\n\nThis year has been hard for all of us. For many reasons. Some the same and some\ndifferent. Some of us lost loved ones. Some of us got sick and are living with\nlong term symptoms. Some of us lost our jobs. Some of us were isolated and\nlonely for many months. Some of us lived with incredible fear of the unknown for\nmany months.\n\nHealing from trauma isn’t about forgetting what happened - when something hurts\nenough, there is no forgetting. It follows you around and haunts you, regardless\nof if you want it there or not. Forever, it will be a part of you. \n\n“Grieving is how we experience the process of a very, very deep part of our\npsyches becoming familiar with a painful truth.”\n-Valentine\n\nAnd healing from trauma is about grieving the hurt. It’s about processing the\nsadness, loss, and fear. \n\nSit for a minute with yourself. Notice the sadness, loss, and fear within you.\nNotice the pain you’ve been through. Notice what you’re needing to grieve for. \n\nGrieving from trauma isn’t enough. It’s the first step to healing. The second\nstep is finding meaning in the trauma. That doesn’t mean believing that the hurt\nwas a good thing. Because no hurt is a good thing.\n\nKintsugi is a form of Japanese art where broken pottery is glued together to\ncreate a piece with imperfections. A beautiful piece of art made from broken\nshards. The beauty is not in the broken shards - it’s in how the pieces were put\nback together. \n\nThis year, we’ve become broken pottery. The turmoil and pain of the pandemic has\nbroken us into small shards. Take a minute to sit with yourself. To notice the\nshards of yourself. \n\nBeauty is not in our trauma - it’s in the way we put ourselves back together and\nin the person we’ve become.\n\nWinter Solstice is about seeing the darkness in the world and facing it. But\nwhen things are dark enough, the pain, fear, and hurt can be overwhelming and\nprevent us from acting. It can prevent us from truly facing the darkness. This\nyear, Solstice is about sitting with and healing from that pain. Together.",
  "audioUrl": null,
  "previousVersionId": null,
  "nextVersionId": null,
  "originalVersionId": "91d9b4ed-41e9-4f31-8a05-c79fcc7cea3c",
  "renderedContent": null,
  "bpm": null,
  "transpose": null,
  "archived": false,
  "createdBy": "secularsolstice-import",
  "createdAt": "2025-03-23T17:03:58.000Z",
  "slidesMovieUrl": null,
  "slideMovieStart": null,
  "slideCredits": null,
  "programCredits": null,
  "blobUrl": null
}