{
  "id": "71538c9b-50ba-469f-954c-29e60d406beb",
  "songId": "c2d370f8-202c-4488-8f49-3941f56e7143",
  "label": "gen/thumb.png",
  "content": null,
  "audioUrl": null,
  "previousVersionId": null,
  "nextVersionId": null,
  "originalVersionId": "71538c9b-50ba-469f-954c-29e60d406beb",
  "renderedContent": null,
  "bpm": null,
  "transpose": null,
  "archived": false,
  "createdBy": "secularsolstice-import",
  "createdAt": "2025-12-22T08:31:11.000Z",
  "dbCreatedAt": "2025-12-23T21:09:40.516Z",
  "slidesMovieUrl": null,
  "slideMovieStart": null,
  "slideCredits": null,
  "programCredits": null,
  "blobUrl": "https://rjtgd9k2jkfrnhfb.public.blob.vercel-storage.com/song-c2d370f8-202c-4488-8f49-3941f56e7143/import-1766524179379-gen-thumb.png"
}