{
  "id": "9670ba4e-24b4-455c-90a3-32b92c907cef",
  "songId": "fee12104-7134-4e2a-8e20-86fcc8d72f88",
  "label": "bitterLullaby.cho",
  "content": "A5 G5.. D.. NC\n_Little one, little one, _bitter wind _blown _\nA5 G5.. A5.. NC\n_Little one, little one, _bitter wind _blown _\nA5 G5.. D.. NC\n_Little one, little one, _bitter wind _blown _\nA5 G5.. A5.. NC\n_Little one, little one, _bitter wind _blown _\n\nA5\n...\n\nA5\n_Sun barely rising above the horizon\n_Little one, little one, _bitter wind _blown\n_Flowers are withering, naked bark brittle oh,\n_Little one, little one, _bitter wind _blown\n\nDon't understand why the light would abandon us,\n_Little one, little one, _bitter wind _blown\nAnd I don't know how much more he may demand of us\n_Little one, little one, _bitter wind _blown\n\nSun, sailing away\nI don't know where... I don’t know why…\nSky, darkening grey,\nWishing there weren’t so many goodbyes...\n\nLittle one, little one why...\nLittle one why...\n\nAsking me questions I don't have the answers to\n_Little one, little one, _bitter wind _blown\nWatching you shiver, and I don't know what to do\n_Little one, little one, _bitter wind _blown\n\nMaybe if we did the dance, said the words just right\n_Little one, little one, _bitter wind _blown\nMaybe he’d come back, maybe things would be all right\n_Little one, little one, _bitter wind _blown\n\nSun… sailing away…\nI don't know where… I don’t know why…\nSky… darkening grey,\nWishing there weren’t so many goodbyes...\n\nLittle one, little one why...\nLittle one why...\nLittle one why...\n",
  "audioUrl": null,
  "previousVersionId": "bb60c730-d9c9-45ac-8281-e0f53bb5ae5f",
  "nextVersionId": "bcdd1a90-d8f5-43ea-9bd2-10ede8707464",
  "originalVersionId": "bb60c730-d9c9-45ac-8281-e0f53bb5ae5f",
  "renderedContent": null,
  "bpm": 100,
  "transpose": 0,
  "archived": false,
  "createdBy": "Raymond",
  "createdAt": "2025-11-28T21:08:29.915Z",
  "dbCreatedAt": "2025-12-22T09:49:25.821Z",
  "slidesMovieUrl": null,
  "slideMovieStart": null,
  "slideCredits": null,
  "programCredits": null,
  "blobUrl": null
}