{
  "id": "2d8acaa3-82a8-41c3-a3df-e04543936f24",
  "songId": "b5f2b371-da8e-48c9-93ba-42d61de7a004",
  "label": "gen/Beneath Midwinter Midnight-sheet-music.pdf",
  "content": null,
  "audioUrl": null,
  "previousVersionId": null,
  "nextVersionId": null,
  "originalVersionId": "2d8acaa3-82a8-41c3-a3df-e04543936f24",
  "renderedContent": null,
  "bpm": null,
  "transpose": null,
  "archived": false,
  "createdBy": "secularsolstice-import",
  "createdAt": "2025-12-22T08:31:11.000Z",
  "dbCreatedAt": "2025-12-23T21:09:46.224Z",
  "slidesMovieUrl": null,
  "slideMovieStart": null,
  "slideCredits": null,
  "programCredits": null,
  "blobUrl": "https://rjtgd9k2jkfrnhfb.public.blob.vercel-storage.com/song-b5f2b371-da8e-48c9-93ba-42d61de7a004/import-1766524185588-gen-Beneath_Midwinter_Midnight-sheet-music.pdf"
}