{
  "id": "87ec827b-cfec-446e-bcac-23d5917a1e33",
  "songId": "a6e1f99b-b091-46a7-baf1-9b137515b52f",
  "label": "README.md",
  "content": "#  Brighter Than Today\n\n## By Raymond Arnold\n## Our central anthem of hope, starting from the invention of fire\n\nIn many incarnations the solstice was *named* after this song.  Meddle\nwith it at your peril.\n\nNevertheless, there are a lot of old variants out there. The Boston Solstices have maintained [a fork](https://www.jefftk.com/p/brighter-than-today-versions) that is highly distinct from the Bay/NYC variants for some time. The DC variation is a slightly simplified version of the main Bay/NYC variant; an example recording can be found [here](../Brighter_than_Today_DC_2022.mp3) and chord sheet for it is available [here](./Brighter_Than_Today-chord-sheet.pdf).\n\n\nThis song is available for sale via bandcamp in [all three albums](https://humanistculture.bandcamp.com/).\n\nThere are several versions on youtube, most impressively the [three solstice](https://www.youtube.com/watch?v=euwPYhriyCw) version, but also [NYC2016](https://www.youtube.com/watch?v=J_Gz9_mIcPs&index=4&list=PL2kAZU4YexD8EtbrNfI6RP0rjsTAIYwK6) and [Bayesian Choir Performance](https://www.youtube.com/watch?v=go9RFttl_-E) (link currently dead).\n\nThe 2020 version is [here](https://youtu.be/OHJmYyp6f4s?t=297) and 2020 version with everyone singing [here](https://www.jefftk.com/solstice-2020/08-five-hundred-million--brighter-than-today--2020-12-20-022605.mp3) (skip to time 4:57).",
  "audioUrl": null,
  "previousVersionId": "0f79bf30-1a6d-4f5d-862d-84360ea01fbf",
  "nextVersionId": null,
  "originalVersionId": "7dde9a7a-6317-4848-8b3d-11e39f924fcb",
  "renderedContent": null,
  "bpm": null,
  "transpose": null,
  "archived": false,
  "createdBy": "secularsolstice-import",
  "createdAt": "2025-03-23T17:03:58.000Z",
  "slidesMovieUrl": null,
  "slideMovieStart": null,
  "slideCredits": null,
  "programCredits": null,
  "blobUrl": null
}