{
  "id": "2bc26efe-9e03-43f4-919d-0b03e4499290",
  "songId": "10553601-676f-4cae-8a01-a1f8a2bea04a",
  "label": "placeholder",
  "content": "# Activity With Post Its\n\n(Placeholder - content not yet imported)",
  "audioUrl": null,
  "previousVersionId": null,
  "nextVersionId": null,
  "originalVersionId": "2bc26efe-9e03-43f4-919d-0b03e4499290",
  "renderedContent": null,
  "bpm": null,
  "transpose": null,
  "archived": false,
  "createdBy": "secularsolstice-import",
  "createdAt": "2025-12-23T21:12:58.775Z",
  "dbCreatedAt": "2025-12-23T21:12:58.775Z",
  "slidesMovieUrl": null,
  "slideMovieStart": null,
  "slideCredits": null,
  "programCredits": null,
  "blobUrl": null
}