{
  "id": "2700cd85-67d9-4fc9-a715-59e7b4ffd00a",
  "songId": "abee1d41-1adc-4e2f-b76e-274f2ea4a4b0",
  "label": "placeholder",
  "content": "# All I Want For Solstice is My Sanity\n\n(Placeholder - content not yet imported)",
  "audioUrl": null,
  "previousVersionId": null,
  "nextVersionId": null,
  "originalVersionId": "2700cd85-67d9-4fc9-a715-59e7b4ffd00a",
  "renderedContent": null,
  "bpm": null,
  "transpose": null,
  "archived": false,
  "createdBy": "secularsolstice-import",
  "createdAt": "2025-12-23T21:16:43.912Z",
  "dbCreatedAt": "2025-12-23T21:16:43.912Z",
  "slidesMovieUrl": null,
  "slideMovieStart": null,
  "slideCredits": null,
  "programCredits": null,
  "blobUrl": null
}