{
  "id": "5ae0cf63-ff02-42de-8cac-ca274fd31e6a",
  "songId": "a394c47e-f843-4676-9a9f-84c28288d2c7",
  "label": "gen/Beyond All Towers-lyrics.txt",
  "content": "\n\n  In western lands beneath the Sun\n  the flowers may rise in Spring,\n  the trees may bud, the waters run,\n  the merry finches sing.\n  Or there maybe 'tis cloudless night\n  and swaying beeches bear\n  the Elven stars as jewels white\n  amid their branching hair.\n \n  Though here at journey's end I lie\n  in darkness buried deep,\n  beyond all towers strong and high,\n  beyond all mountains steep,\n  above all shadows rides the Sun\n  and Stars for ever dwell:\n  I will not say the Day is done,\n  nor bid the Stars farewell.\n\n---------------------------\n Frodo's Part (overlapping)\n---------------------------\n\n\n  Here at journey's end I lie\n  in darkness buried deep, Ah\n",
  "audioUrl": null,
  "previousVersionId": null,
  "nextVersionId": null,
  "originalVersionId": "5ae0cf63-ff02-42de-8cac-ca274fd31e6a",
  "renderedContent": null,
  "bpm": null,
  "transpose": null,
  "archived": false,
  "createdBy": "secularsolstice-import",
  "createdAt": "2025-12-22T08:31:11.000Z",
  "dbCreatedAt": "2025-12-23T21:09:44.649Z",
  "slidesMovieUrl": null,
  "slideMovieStart": null,
  "slideCredits": null,
  "programCredits": null,
  "blobUrl": null
}