{
  "id": "b629c56e-22e3-43ec-a3bc-104ccc735e39",
  "songId": "71e34f7a-1649-4f30-b94f-7496640c696a",
  "label": "README.md",
  "content": "# And So It Goes\n## By Billy Joel\n## A lament of love, pain and acceptance\n\nAn outside song.  [Original music video](https://www.youtube.com/watch?v=FHO6a2H-pqY),  [Lyrics](https://genius.com/Billy-joel-and-so-it-goes-lyrics)\n\n# test",
  "audioUrl": null,
  "previousVersionId": null,
  "nextVersionId": "105fe376-de98-413e-9009-7c40b566a7e8",
  "originalVersionId": "b629c56e-22e3-43ec-a3bc-104ccc735e39",
  "renderedContent": null,
  "bpm": null,
  "transpose": 0,
  "archived": false,
  "createdBy": null,
  "createdAt": "2025-11-23T22:23:34.097Z",
  "slidesMovieUrl": null,
  "slideMovieStart": null,
  "slideCredits": null,
  "programCredits": null,
  "blobUrl": null
}