{
  "id": "3dfa4883-6be0-496d-a5fa-eb7e3c927706",
  "songId": "9b52eaef-d5be-47d6-b7fd-858ed132ba1b",
  "label": "README.md",
  "content": "#  Blackbird\n## By The Beatles\n## Encouragement to those who have been caged or wing-clipped\n\n[Audio recording here](https://www.youtube.com/watch?v=Man4Xw8Xypo)",
  "audioUrl": null,
  "previousVersionId": "afb15cc3-42ba-40bd-b131-e99e0d6b2690",
  "nextVersionId": "0ec46847-827a-4cbc-aef2-8424cb759fcb",
  "originalVersionId": "4b0517f6-d3a4-4ddf-aa58-277097d1b760",
  "renderedContent": null,
  "bpm": null,
  "transpose": null,
  "archived": false,
  "createdBy": "secularsolstice-import",
  "createdAt": "2025-03-23T17:03:58.000Z",
  "dbCreatedAt": "2025-12-22T09:49:25.821Z",
  "slidesMovieUrl": null,
  "slideMovieStart": null,
  "slideCredits": null,
  "programCredits": null,
  "blobUrl": null
}