{
  "id": "e2c9e06e-0d8a-4f23-ba67-fb295e0b6ab2",
  "songId": "512003b4-c3a3-40ae-ab5a-de7d405e3ccf",
  "label": "README.md",
  "content": "# Bridge over Troubled Water\n## By Paul Simon and Art Garfunkel\n## A promise of support\n\nAn outside song. [Original recording with lyrics](https://www.youtube.com/watch?v=H_a46WJ1viA)",
  "audioUrl": null,
  "previousVersionId": "0116e281-dfce-46b4-87ee-af7061c8f47e",
  "nextVersionId": "475d81e5-3217-4a28-9bd8-e7b01e0809ff",
  "originalVersionId": "b634d916-119a-4f1a-99a5-984f906af2e5",
  "renderedContent": null,
  "bpm": null,
  "transpose": null,
  "archived": false,
  "createdBy": "secularsolstice-import",
  "createdAt": "2025-03-23T17:03:58.000Z",
  "dbCreatedAt": "2025-12-22T09:49:25.821Z",
  "slidesMovieUrl": null,
  "slideMovieStart": null,
  "slideCredits": null,
  "programCredits": null,
  "blobUrl": null
}