{
  "id": "08d8f33b-e709-4a30-9c2f-c249c0b1ef0f",
  "songId": "a6e1f99b-b091-46a7-baf1-9b137515b52f",
  "label": "2025-bay.cho",
  "content": "F#m Bm Bm.. E(sus)..\n...\nF# F# E\n...\nBm Bm Bm\n...\nG Em D\n...\nD A Bm\n...\n\n#v\nD\n_Countless winter nights ago\nA\nA _woman shivered in the cold\nBm\n_Cursed the skies and wondered why\nG\nThe _gods invented pain\n\nD\n_Aching, angry flesh and bone\nA\n_Bitterly she struck the stone\nBm\n_'Til she saw the sudden spark\nG\nOf _light and golden flame\n\nBm\nShe _showed the others but they told her\nG\n_She was not fit to control\nD\nThe _primal forces that the gods\nA\nEncloaked in mystery\n\nBm\nBut _she would not be satisfied\nG\nAnd _though she trembled, she defied them\nD\n_Took her torch and raised it high\nA\n_Set afire history\n\nA.. G. D.\n\nG\t| Bm\t| D\t| A\t\t        |\nG\t| Bm\t| D\t| A . F#m_A .\t|\nBm\t| G\t| Bm\t| A\t\t        |\nD\t| D . . A_C#|\n\n#c\nG\nOh, _tomorrow can be brighter than\nBm\n_Today although the night is cold\nD A\nThe _stars may seem so very far _away\n\nG\nBut _courage, hope, and reason burn\nBm\nIn _every mind, each lesson learned\nD\n_Shining light to guide our way\nA.. F#m..\n_Make tomorrow _brighter than today\n\nBm G Bm A\n(_Oh ohhh oohhhh)\n\nD D.. A5..\nBrighter than today\n\n\nBm G D A\nBm G D A\nAges long forgotten now\nWe built the wheel and then the plow\nTilled the earth and proved our worth\nAgainst the drought and snow\nSoon we had the time to fathom\nMountain peaks and tiny atoms\nBeating hearts, electric sparks\nSo much more to know\n\n\nG Bm D A\nG Bm D A . F#m_A .\nBm G Bm G\nBm A D D . . A_C#\nTomorrow can be brighter than today\nAlthough the night is cold\nThe stars may seem so very far away\n(Stars may seem so very far away)\nBut courage, hope, and reason grow\nWith every passing season so we'll\nDrive the darkness far away\nMake tomorrow brighter than today\n\n(Oh ohhh oohhhh)\n(Oh ohhh oohhhh)\n\nBrighter than today\n\n\nBm G D A\nBm G D A\nThe universe may seem unfair\nThe laws of nature may not care\nStorms and quakes, our own mistakes\nThey nearly doused our flame\nBut all these trials we've endured\nThe lessons learned, diseases cured\nAgainst our Herculean task\nWe've risen to proclaim\n\n\nG Bm D A\nG Bm D A . F#m_A .\nBm G Bm G Bm G\nBm A D\nTomorrow can be brighter than today\nAlthough the night is cold\nThe stars may seem so very far away\nBut futures can unfold\nWhere courage, hope, and reason bloom\nAcross the world and one day we could\nRise up to the stars and say\nMake tomorrow brighter than today\n\n[choir]\n(Oh ohhh oohhhh)\n(Oh ohhh oohhhh)\n(Oh ohhh oohhhh)\n\nBrighter than today\n",
  "audioUrl": "https://suno.com/song/bebf6220-74d4-4763-bda3-0d52335d385b",
  "previousVersionId": "e5edc9f2-ac5f-4997-8e52-990072c3ffc0",
  "nextVersionId": "9a39d469-ac94-44cd-b1f1-f2946b5afd53",
  "originalVersionId": "7dde9a7a-6317-4848-8b3d-11e39f924fcb",
  "renderedContent": null,
  "bpm": 90,
  "transpose": 0,
  "archived": false,
  "createdBy": null,
  "createdAt": "2025-11-27T23:14:31.853Z",
  "slidesMovieUrl": null,
  "slideMovieStart": null,
  "slideCredits": null,
  "programCredits": null,
  "blobUrl": null
}