{
  "id": "de80e21e-7d83-44c7-b88e-74750e79972f",
  "songId": "87b3d6bf-3704-428c-be44-bf5894e8858c",
  "label": "gen/index.html",
  "content": "<html>\n  <head>\n    <title> Always Look on the Bright Side</title>\n    <meta charset=\"utf-8\">\n\t<meta name=\"viewport\" content=\"width=device-width initial-scale=1.0\">\n    <link rel=stylesheet href=../../../theme.css>\n    <script src='../../../theme-switcher.js'></script>\n    <meta property='og:image' content='https://secularsolstice.github.io/songs/Always_Look_on_the_Bright_Side/gen/thumb.png' />\n    <meta name='twitter:image' content='https://secularsolstice.github.io/songs/Always_Look_on_the_Bright_Side/gen/thumb.png' />\n    <meta property='og:title' content=' Always Look on the Bright Side' />\n    <meta property='og:description' content=' By Eric Idle //  A silly song about making the best of terrible things // Weve generally opened with this one.  It has the advantage that // ' />\n  </head>  <body> \n    <div class=header>\n      <a href=\"/\">Home</a>\n      <a href=\"/lists/gen/All_Songs.html\">Songs</a>\n      <a href=\"/lists/gen/All_Speeches.html\">Speeches</a>\n      <a href=\"/misc/gen/Programs.html\">Programs</a>\n    </div>\n<div class=notes>\n<h1 id=\"always-look-on-the-bright-side\">Always Look on the Bright Side</h1>\n<h2 id=\"by-eric-idle\">By Eric Idle</h2>\n<h2 id=\"a-silly-song-about-making-the-best-of-terrible-things\">A silly song about making the best of terrible things</h2>\n<p>We’ve generally opened with this one. It has the advantage that everyone knows it. It also foreshadows all the dark elements of the Solstice while being bright and silly itself.</p>\n<p>You can watch <a href=\"https://www.youtube.com/watch?v=jHPOzQzk9Qo\">the original video</a> for a sense of the idea and the sound.</p>\n<p><a href=https://github.com/SecularSolstice/SecularSolstice.github.io/edit/master/songs/Always_Look_on_the_Bright_Side/README.md class=editbutton>edit description</a></p>\n</div>\n<h2>Lyrics</h2><p class=lyrics>\nSome things in life are bad they can really make you mad<br>\nOther things just make you swear and curse<br>\nWhen you've chewing an life's gristle, Don't grumble give a whistle<br>\nAnd this'll help things turn out for the best<br>\n<br>\nAnd always look on the bright side of life<br>\nAlways look on the light side of life<br>\n<br>\nIf life seems jolly rotten there's something you've forgotten<br>\nand that's to laugh and smile and dance and sing.<br>\nWhen you've feeling in the dumps don't be silly chumps<br>\nJust purse your lips and whistle -- that's the thing<br>\n<br>\nAnd always look on the bright side of life<br>\nCome on always look on the bright side of life<br>\n<br>\nFor life is quite absurd and death's the final word<br>\nyou must always face the curtain with a bow<br>\nForget about your sin -- give the audience a grin<br>\nEnjoy it -- it's your last chance anyhow.<br>\n<br>\nSo always look on the bright side of death<br>\njust before you draw your terminal breath<br>\n<br>\nLife's a piece of spit when you look at it<br>\nLife's a laugh and death's a joke it's true<br>\nYou'll see it's all a show -- keep'em laughing as you go<br>\njust remember that the last laugh is on you<br>\n<br>\nAnd always look on the bright side of life<br>\nAlways look on the right side of life<br>\nAnd always look on the bright side of life<br>\nAlways look on the right side of life (retardando)<br>\n</p>\n<h2>Files</h2><ul>\n<li><a href=Always_Look_on_the_Bright_Side-chord-sheet.cho>Always_Look_on_the_Bright_Side-chord-sheet.cho</a>\n<li><a href=Always_Look_on_the_Bright_Side-chord-sheet.pdf>Always_Look_on_the_Bright_Side-chord-sheet.pdf</a>\n<li><a href=Always_Look_on_the_Bright_Side-lyrics.txt>Always_Look_on_the_Bright_Side-lyrics.txt</a>\n<li><a href=thumb.png>thumb.png</a>\n<li><a href=../chord-sheet.ugc>chord-sheet.ugc</a>\n<a href=https://github.com/SecularSolstice/SecularSolstice.github.io/edit/master/songs/Always_Look_on_the_Bright_Side/chord-sheet.ugc class=editbutton>edit</a>\n</ul>\n<a class=rawgit href=https://github.com/SecularSolstice/SecularSolstice.github.io/tree/master/songs/Always_Look_on_the_Bright_Side>Raw Git Folder</a>\n</body></html>\n",
  "audioUrl": null,
  "previousVersionId": null,
  "nextVersionId": null,
  "originalVersionId": "de80e21e-7d83-44c7-b88e-74750e79972f",
  "renderedContent": null,
  "bpm": null,
  "transpose": null,
  "archived": false,
  "createdBy": "secularsolstice-import",
  "createdAt": "2025-12-22T08:31:11.000Z",
  "dbCreatedAt": "2025-12-23T21:09:41.662Z",
  "slidesMovieUrl": null,
  "slideMovieStart": null,
  "slideCredits": null,
  "programCredits": null,
  "blobUrl": null
}