{
  "id": "df2b83a4-6d58-482a-abc7-3afc2be0326c",
  "songId": "e75f4266-82bb-49ed-ad35-2eac5f9ec2d8",
  "label": "lyrics-chords.cho",
  "content": "Am.. D.. G.. Em..\nSome _things in life are _bad -- they can _really make you _mad\nAm.. D.. G\n_Other things just _make you swear and _curse\n\n\nAm.. D.. G.. Em..\nWhen you're _chewing an life's _gristle -- Don't _grumble give a _whistle\nAm D7\nAnd _this'll help things turn out for the _best\n\n\nG.. Em.. Am.. D7..\nAnd _always _look on the _bright _side of\nG.. Em.. Am.. D7..\n_life -- Do-_do, do-_do do-do do-_do\nG.. Em.. Am.. D7..\n_Always _look on the _light _side of\nG.. Em.. Am.. D7..\n_life -- Do-_do, do-_do do-do do-_do\n\n\nAm.. D.. G.. Em..\nIf _life seems jolly _rotten -- there's _something you've _forgotten\nAm.. D.. G\nand _that's to laugh and _smile and dance and _sing.\nAm.. D.. G.. E7..\nWhen you're _feeling in the _dumps -- _don't be silly _chumps\nA7 D7\nJust _purse your lips and whistle -- that's the _thing\n\n\nG.. Em.. Am.. D7..\nAnd _always _look on the _bright _side of\nG.. Em.. Am.. D7..\n_life -- Do-_do, do-_do do-do do-_do\nG.. Em.. Am.. D7..\nCome on! Always look on the bright side of\nG.. Em.. Am.. D7..\n_life -- Do-_do, do-_do do-do do-_do\n\n\nAm.. D.. G.. Em..\nFor _life is quite _absurd, and _death's the final _word\nAm.. D.. G\nyou must _always face the _curtain with a _bow\nAm.. D.. G.. E7..\n_Forget about your _sin -- give the _audience a _grin\nA7 D7\n_Enjoy it -- it's your last chance _anyhow.\n\n\nG.. Em.. Am.. D7..\nSo _always _look on the _bright _side of\nG.. Em.. Am.. D7..\n_death -- Do-_do, do-_do do-do do-_do\nG.. Em.. Am.. D7..\n_just be_fore you _draw your _terminal\nG.. Em.. Am.. D7..\n_breath -- Do-_do, do-_do do-do do-_do\n\n\nLife's a piece of spit when you look at it\nLife's a laugh and death's a joke it's true\nYou'll see it's all a show -- keep'em laughing as you go\njust remember that the last laugh is on you\n\n\nAnd always look on the bright side of life\nAlways look on the right side of life\nA F# Bm E7 A F# Bm E7\nAnd always look on the bright side of life\nAlways look on the right side of life (retardando)",
  "audioUrl": null,
  "previousVersionId": "e3d98567-d86a-4eff-91ed-f34746157aae",
  "nextVersionId": "9561974f-b3a1-4155-9428-cb65303c7d43",
  "originalVersionId": "767b917b-336f-4be0-9683-87752d6bb2e8",
  "renderedContent": null,
  "bpm": null,
  "transpose": 0,
  "archived": false,
  "createdBy": null,
  "createdAt": "2025-11-27T21:25:27.951Z",
  "dbCreatedAt": "2025-12-22T09:49:25.821Z",
  "slidesMovieUrl": null,
  "slideMovieStart": null,
  "slideCredits": null,
  "programCredits": null,
  "blobUrl": null
}