{
  "id": "45104a0e-492b-4aa0-9ee0-5343f95fca43",
  "songId": "5f8ff35d-4391-48ea-9cda-ef5bddf5ea88",
  "label": "After Candles.md",
  "content": "# After Candles\n## By Matt Elder\n\nWe face dire challenges -- some ancient, some new -- that do not yet have simple solutions. What do we do? Part of the answer, today, is just as when humanity was young: we band together. We find comfort, together. We work and think and explore, together.\n\nWe are shaped to need other humans. We need each other to thrive. And the more profound the stakes for which we strive, the more we must rely upon each other to help us face the darkness.",
  "audioUrl": null,
  "previousVersionId": null,
  "nextVersionId": null,
  "originalVersionId": "45104a0e-492b-4aa0-9ee0-5343f95fca43",
  "renderedContent": null,
  "bpm": null,
  "transpose": null,
  "archived": false,
  "createdBy": "secularsolstice-import",
  "createdAt": "2025-12-22T08:31:11.000Z",
  "dbCreatedAt": "2025-12-23T21:09:22.036Z",
  "slidesMovieUrl": null,
  "slideMovieStart": null,
  "slideCredits": null,
  "programCredits": null,
  "blobUrl": null
}