{
  "id": "148aa313-4fd3-4930-a61f-e3a9205ce151",
  "songId": "c2d370f8-202c-4488-8f49-3941f56e7143",
  "label": "README.md",
  "content": "# Amy AKA Spent Gladiator 1\n## By The Mountain Goats\n\nThis is an outside song, available [on\nyoutube](https://www.youtube.com/watch?v=7sNakKm3Pr0) or [as\nlyrics](https://genius.com/The-mountain-goats-amy-aka-spent-gladiator-1-lyrics).",
  "audioUrl": null,
  "previousVersionId": "02fabcf7-8d06-4ed6-b128-cf4d4a9d1275",
  "nextVersionId": "123dd3b9-498f-4bdd-b19a-dfef8861352d",
  "originalVersionId": "09f1aecc-d0f4-4e47-bded-fd6c58f19eaa",
  "renderedContent": null,
  "bpm": null,
  "transpose": null,
  "archived": false,
  "createdBy": "secularsolstice-import",
  "createdAt": "2025-03-23T17:03:58.000Z",
  "dbCreatedAt": "2025-12-22T09:49:25.821Z",
  "slidesMovieUrl": null,
  "slideMovieStart": null,
  "slideCredits": null,
  "programCredits": null,
  "blobUrl": null
}