{
  "id": "c23aa646-e38d-4aa7-9a49-0ff9ca551d35",
  "songId": "a6e1f99b-b091-46a7-baf1-9b137515b52f",
  "label": "chart.csv",
  "content": "\"Brighter Than Today\",,,\"4/4 Measures\",,,,\n,,,,,,,\nD,,G,,,,,\nD,,A,G,,,,\nD,A,Bm,G,,\"Countless / Woman / Cursed / Gods\",,\nD,A,Bm,G,,\"Aching / Bitterly / Till She / Light and\",,\nBm,G,D,A,,\"showed / she was not  / primal / cloaked\",,\nBm,G,D,A,,\"Proud / would not / took her / set afire\",,\n\"A   G D\",,,,,\".....    oh-oh\",,\n\"G   \",Bm,D,A,,\"tomorrow / today / stars / away\",,\nG,Bm,D,\"A    F#\",,\"Courage / in every / shining / make tomorrow\",,\nBm,G,Bm,A,,day...,Ohhh,\"Ohh oh\"\nD,D,,,,day...,,\nD,A,Bm,G,,\"Ages long forgotten\",,\nD,A,Bm,G,,\"Soon we had the\",,\nG,Bm,D,A,,\"tomorrow / today / stars / away\",,\nG,Bm,D,\"A    F#\",,\"Courage / in every / shining / make tomorrow\",,\nBm,G,Bm,G,,day...,Ohhh,\"Ohh oh\"\nBm,A,,,,Oh...,,\nD,A,Bm,G,,\"Universe / laws of / storms / nearly doused\",,\nD,A,Bm,G,,\"But all / lessons / against / risen\",,\nG,Bm,D,A,,\"tomorrow / today / stars / away\",,\nG,Bm,D,\"A    F#\",,\"Courage / in every / shining / make tomorrow\",,\nBm,G,Bm,G,,day...,Ohhh,\"Ohh oh\"\nBm,G,Bm,G,,Oh...,,\nBm,A,,,,Oh...,,",
  "audioUrl": null,
  "previousVersionId": "e705d159-624c-40eb-ba7a-f737633abef3",
  "nextVersionId": null,
  "originalVersionId": "c82c55c2-cb02-4225-9b19-306874d92f84",
  "renderedContent": null,
  "bpm": null,
  "transpose": null,
  "archived": false,
  "createdBy": "secularsolstice-import",
  "createdAt": "2025-03-23T17:03:58.000Z",
  "slidesMovieUrl": null,
  "slideMovieStart": null,
  "slideCredits": null,
  "programCredits": null,
  "blobUrl": null
}