{
  "id": "8665d254-e92e-40b2-8418-bd4455c8fc66",
  "songId": "9b52eaef-d5be-47d6-b7fd-858ed132ba1b",
  "label": "README.md",
  "content": "#  Blackbird\n## By The Beatles\n## Encouragement to those who have been caged or wing-clipped\n\n[Audio recording here](https://www.youtube.com/watch?v=Man4Xw8Xypo)",
  "audioUrl": null,
  "previousVersionId": "45180b63-5e4c-4de2-940a-f66d345a9c8b",
  "nextVersionId": "afb15cc3-42ba-40bd-b131-e99e0d6b2690",
  "originalVersionId": "4b0517f6-d3a4-4ddf-aa58-277097d1b760",
  "renderedContent": null,
  "bpm": null,
  "transpose": null,
  "archived": false,
  "createdBy": "secularsolstice-import",
  "createdAt": "2025-03-23T17:03:58.000Z",
  "dbCreatedAt": "2025-12-22T09:49:25.821Z",
  "slidesMovieUrl": null,
  "slideMovieStart": null,
  "slideCredits": null,
  "programCredits": null,
  "blobUrl": null
}