{
  "id": "ca4d4c40-74b8-4edc-a421-192eccdd3259",
  "songId": "a394c47e-f843-4676-9a9f-84c28288d2c7",
  "label": "gen/Beyond All Towers-sheet-music.midi",
  "content": null,
  "audioUrl": null,
  "previousVersionId": null,
  "nextVersionId": null,
  "originalVersionId": "ca4d4c40-74b8-4edc-a421-192eccdd3259",
  "renderedContent": null,
  "bpm": null,
  "transpose": null,
  "archived": false,
  "createdBy": "secularsolstice-import",
  "createdAt": "2025-12-22T08:31:11.000Z",
  "dbCreatedAt": "2025-12-23T21:09:46.743Z",
  "slidesMovieUrl": null,
  "slideMovieStart": null,
  "slideCredits": null,
  "programCredits": null,
  "blobUrl": "https://rjtgd9k2jkfrnhfb.public.blob.vercel-storage.com/song-a394c47e-f843-4676-9a9f-84c28288d2c7/import-1766524186367-gen-Beyond_All_Towers-sheet-music.midi"
}