{
  "id": "15414014-d361-4c6d-b489-3eb16b6ac9ee",
  "songId": "b17e6eac-f508-497f-b823-b6d92e77f569",
  "label": "README.md",
  "content": "#  Bring the Light\n\n## By Alex Federici and Raymond Arnold\n## We call out to the sun with imagery of different eras\n\nThe simplicity and call-and-response structure of this song make it\nvery easy to learn.  They also risk making it tedious.\n\nEarly versions of this song explicitly taught the response pattern.\nThis has been found to be unnecessary.  A few hand gestures, the\nslides, and an audience a third of whom know the song are sufficient.\n\nThere really isn't a canonical version of this song.  The chord chart\nhere is from NYC2016, and the sheet music from NYC2017 (reconstructed\nfrom Daniel Speyer's memory).  Verses come and go easily.  The chorus,\nwhich NYC2017 banished to the\n[reprise](../../Bring_the_Light_Reprise/gen), can be inserted after\nany even numbered verse.  Furthermore, the melodies that go with the\nlyrics have been whatever seemed right to the singer, and that has\nvaried from year to year.  And when the written chords don't fit the\nsung melody, the instrumentalists have followed the singer.  In short,\n*nothing* on this page necessarily matches any given performance.\n\nTreat this page as containing *examples* of this song, not as\ncontaining *the song*.\n\nThis song is available for sale via bandcamp in [all three albums](https://humanistculture.bandcamp.com/).",
  "audioUrl": null,
  "previousVersionId": "083f3047-1537-4fec-b72e-71180569598e",
  "nextVersionId": "36a58612-45fe-4be1-8482-a85299fe4117",
  "originalVersionId": "083f3047-1537-4fec-b72e-71180569598e",
  "renderedContent": null,
  "bpm": 100,
  "transpose": 0,
  "archived": false,
  "createdBy": "Raymond",
  "createdAt": "2025-12-09T14:43:11.477Z",
  "slidesMovieUrl": null,
  "slideMovieStart": 0,
  "slideCredits": null,
  "programCredits": null,
  "blobUrl": null
}