{
  "id": "09f1aecc-d0f4-4e47-bded-fd6c58f19eaa",
  "songId": "c2d370f8-202c-4488-8f49-3941f56e7143",
  "label": "README.md",
  "content": "# Amy AKA Spent Gladiator 1\n## By The Mountain Goats\n\nThis is an outside song, available [on\nyoutube](https://www.youtube.com/watch?v=7sNakKm3Pr0) or [as\nlyrics](https://genius.com/The-mountain-goats-amy-aka-spent-gladiator-1-lyrics).\n",
  "audioUrl": null,
  "previousVersionId": null,
  "nextVersionId": null,
  "originalVersionId": "09f1aecc-d0f4-4e47-bded-fd6c58f19eaa",
  "renderedContent": null,
  "bpm": null,
  "transpose": 0,
  "archived": false,
  "createdBy": null,
  "createdAt": "2025-11-23T22:23:33.832Z",
  "dbCreatedAt": "2025-12-22T09:49:25.821Z",
  "slidesMovieUrl": null,
  "slideMovieStart": null,
  "slideCredits": null,
  "programCredits": null,
  "blobUrl": null
}