{
  "id": "ec91e734-e8e1-4e55-88cc-23f23bfd46ef",
  "songId": "7fe28590-8f71-424e-bd6e-3cb4bbf840b4",
  "label": "README.md",
  "content": "# Baby Genie\n## By Raymond Arnold\n## A simple AI metaphor\n\nI'm not sure there exists a melody for this one.\n\nBased on Eliezer's [Failed Utopia #4-2](http://lesswrong.com/lw/xu/failed_utopia_42/)",
  "audioUrl": null,
  "previousVersionId": "8186522b-0e78-4e40-9c32-0fa8f82a7460",
  "nextVersionId": "c8367405-96da-44e3-a45e-309a320a7c40",
  "originalVersionId": "1dbcabdf-3955-4f4d-b370-38011dccd576",
  "renderedContent": null,
  "bpm": null,
  "transpose": null,
  "archived": false,
  "createdBy": "secularsolstice-import",
  "createdAt": "2025-03-23T17:03:58.000Z",
  "slidesMovieUrl": null,
  "slideMovieStart": null,
  "slideCredits": null,
  "programCredits": null,
  "blobUrl": null
}