{
  "id": "fcd25995-2547-4d60-be5a-2133c877ad21",
  "songId": "a6e1f99b-b091-46a7-baf1-9b137515b52f",
  "label": "lyrics.txt",
  "content": "Countless winter nights ago, \nA woman shivered in the cold. \nCursed the skies, and wondered why \nThe gods invented pain. \n\nAching angry flesh and bone, \nBitterly she struck the stone \nTill she saw the sudden spark \nOf light, and golden flame. \n\nShe showed the others, but they told her \nShe was not fit to control \nThe primal forces that the gods \nHad cloaked in mystery \n\nBut she would not be satisfied, \nAnd though she trembled, she defied them \nTook her torch and raised it high \nSet afire history. \n\n    Tomorrow can be brighter than to-day, \n    although the night is cold. \n    The stars may seem so very far a-way... \n\n    But courage, hope and reason burn, \n    In every mind, each lesson learned, \n    Shining light to guide our way\n    Make tomorrow brighter than to-day... \n\n    Oh... Brighter than to-day. \n\nAges long forgotten now, \nWe built the wheel and then the plough. \nTilled the earth and proved our worth, \nAgainst the drought and snow. \n\nSoon we had the time to fathom \nMountain peaks and tiny atoms, \nBeating hearts electric sparks \nSo much more to know. \n\n    Tomorrow can be brighter than to-day, \n    although the night is cold. \n    The stars may seem so very far a-way... \n\n    But courage, hope and reason grow \n    With every passing season so we’ll \n    Drive the darkness far away \n    Make tomorrow brighter than to-day... \n\n    Oh... Brighter than to-day. \n\nThe universe may seem unfair. \nThe laws of nature may not care. \nThe storms and quakes, our own mistakes, \nThey nearly doused our flame. \n\nBut all these trials we’ve endured \nThe lessons learned, diseases cured \nAgainst our herculean task \nWe’ve risen to proclaim. \n\n    Tomorrow can be brighter than to-day, \n    although the night is cold. \n    The stars may seem so very far a-way... \n\n    But courage, hope and reason bloom \n    Across the world and one day soon, we’ll \n    Rise up to the stars and say: \n    Make tomorrow brighter than today \n",
  "audioUrl": null,
  "previousVersionId": "c82c55c2-cb02-4225-9b19-306874d92f84",
  "nextVersionId": "693f8594-62be-4dd3-8a22-0b364204b240",
  "originalVersionId": "c82c55c2-cb02-4225-9b19-306874d92f84",
  "renderedContent": null,
  "bpm": null,
  "transpose": 0,
  "archived": false,
  "createdBy": null,
  "createdAt": "2025-11-23T22:23:38.438Z",
  "slidesMovieUrl": null,
  "slideMovieStart": null,
  "slideCredits": null,
  "programCredits": null,
  "blobUrl": null
}