{
  "id": "9a397997-4ab7-4d7d-b6a2-32009d8c5423",
  "songId": "2fb93d80-6793-44a8-acb9-ba09be5767a9",
  "label": "README.md",
  "content": "#  Blowin in the Wind\n\n## By Bob Dylan\n## A catalogue of the world's problems from a vaguely hopeful perspective\n\nThe arrangement used here is different from the original Dylan,\nmodified to fit into the Night section better.  Some people, but not\nmost, find this produces an uncanny valley effect.\n\nThe catalogue of woes from the 1960s is remarkably (and disturbingly)\ntopical, but the refrain (\"The answer is blowin' in the wind\") is\ncertainly not our perspective.\n\nIf using this song, consider its role as a sacred anthem of hippiism,\na philosophy we have a complex relationship with.\n\n[NYC2016 performance is on Youtube](https://www.youtube.com/watch?v=ovDHalP-yLc&list=PL2kAZU4YexD8EtbrNfI6RP0rjsTAIYwK6)\n\n[A recording of this (and Stopping by Woods) from the 2020 North American Distributed Chorus](https://www.jefftk.com/solstice-2020/05-whose-woods--blowin-in-the-wind--2020-12-20-014819.mp3) is available.  Skip to time 4:10.",
  "audioUrl": null,
  "previousVersionId": "fba08fae-635b-414a-ac3a-d8e407f349a9",
  "nextVersionId": null,
  "originalVersionId": "052ae507-eaea-438e-a51e-e9b1804c35fa",
  "renderedContent": null,
  "bpm": null,
  "transpose": null,
  "archived": false,
  "createdBy": "secularsolstice-import",
  "createdAt": "2025-03-23T17:03:58.000Z",
  "dbCreatedAt": "2025-12-22T09:49:25.821Z",
  "slidesMovieUrl": null,
  "slideMovieStart": null,
  "slideCredits": null,
  "programCredits": null,
  "blobUrl": null
}