{
  "id": "04be5a57-83f6-4f89-9a10-d3969fa8dd3b",
  "songId": "b5f2b371-da8e-48c9-93ba-42d61de7a004",
  "label": "gen/Beneath Midwinter Midnight-sheet-music.midi",
  "content": null,
  "audioUrl": null,
  "previousVersionId": null,
  "nextVersionId": null,
  "originalVersionId": "04be5a57-83f6-4f89-9a10-d3969fa8dd3b",
  "renderedContent": null,
  "bpm": null,
  "transpose": null,
  "archived": false,
  "createdBy": "secularsolstice-import",
  "createdAt": "2025-12-22T08:31:11.000Z",
  "dbCreatedAt": "2025-12-23T21:09:45.005Z",
  "slidesMovieUrl": null,
  "slideMovieStart": null,
  "slideCredits": null,
  "programCredits": null,
  "blobUrl": "https://rjtgd9k2jkfrnhfb.public.blob.vercel-storage.com/song-b5f2b371-da8e-48c9-93ba-42d61de7a004/import-1766524184651-gen-Beneath_Midwinter_Midnight-sheet-music.midi"
}