{
  "id": "1478a979-c7f5-4439-8ff8-3015f218cfa6",
  "songId": "9f308f7d-daba-4c32-92cd-743f03c6b433",
  "label": "Brighter Futures.md",
  "content": "# Brighter Futures\n## By Laura Vaughan\n\nIt can feel overwhelming to\nthink about the future.\n\nI don't have easy answers here. \nI do know it is possible to\npick oneself up in most\nsituations,\nand where I imagine most people\nare at is no exception.\n\nThat's easy to know in theory. \nIt's much harder \nto know the steps to get there. \n\nIn 2018, I was living through the worst\nyear of my life,\nthe world shattered around me. \nI tried a lot of things to get\nout of that dark place,\nbut ultimately there wasn't any\nsingle solution,\ngiven the complexity that life\nis often\nmade up of.\n\nIn some ways, \nI'm still working on getting\nbetter.\n\nAnd though this year has\nactually been pretty good for\nmy own personal healing,\nI still remember what it was\nlike back then,\nconstantly looking toward the\nfuture,\ndwelling in what I had lost, \nand feeling afraid \nthat I wouldn't be able to make\nit back.\n\nDuring whatever period one\nmight call normal,\nthe usual things that come to\nmind when looking toward the\nfuture are pretty big.\nIt can be tempting to follow\nthose same familiar scripts,\neven when the world shifted.\nWhat career shifts will I make? \nWhat are the next steps to\naccomplish my goals?\nHow can I have an impact?\n\nBut, if you're like me, \nwhen you don't have a stable\nfoundation, those can feel so\noverwhelming and detached from\nthe current reality that you\nfeel lost.\n\nThe thing is, realistically, \nall of that big picture stuff\ntakes a thousand little things\nto even work.\n\nIf you have grand goals, those\nlittle things might seem\ninconsequential by comparison.\nYou might not even *notice* how\nimportant they are, how they\nsupport you.\n\nBut these steps matter to\nbuilding a better future.\nBecause maybe you can't change\nthe world in one night.\n\nKeeping in touch with friends, \ngetting good sleep.\nEating well, or \nyou know, whatever well means\nfor you.\nTaking vitamin D. And watering\nyour plants.\n\nMaybe you set aside some time\nto care for the people\nyou love, to get to sleep a bit\nearlier, or to finally write\nthat post that you were hoping\nto all those months ago.\nAll these little things can\nwork towards stability and\nstrength.\n\nFor me, at least, that was\ncrucial.\n\nI had to take several steps\nback and take a break.\nAnd work on the smaller things. \nAnd it took far longer than I'd\nlike to admit to realize that.\n\nI wish \nthat I'd figured out how to feel\nokay, focusing on the little\nthings sooner.  Such that brighter futures \nseemed more possible. \n\nSo \nwhile I can't give an exact\nroadmap,\nhere's a suggestion if you're\nstruggling:\nit's okay to focus on the now.\n\nOn a smaller scope of what you\ncan do, and what you can control.\nYou can think about yourself;\nyou can think about your\nfriends,\nyour family, \nyour loved ones. \nYou can think about this next\nminute,\nthis next day, \nthis next week. \nThink about the smaller things\nthat bring you light.\n\nNow, \nlooking around, \neven through the limited\ninterface,\nI can see a lot of people in\nthis room.\nSome of us know each other \npretty well. \nOthers, \nmaybe not so much. \nBut regardless of how we got\nhere,\nwe are all here, \ntogether, \ncelebrating the longest night\nof the year.\nThere's a lot of light here. \nThat's pretty special. \nRemember that.\n\nAnd remember that many of your\npeers here are fighting for\nbrighter futures, too.\n\nThere are futures that are\nworth protecting.\nAnd it's worth taking those\nlittle steps to get to them\nbe those steps taken alone or\ntogether.\n\nSo even if the light at the end\nof the tunnel seems dim from\nwhere you are,\nremember that there is still a\nlight somewhere.\n\nRemember that you are not alone \nin this fight. \n\nThough we can't be together\nphysically,\nor working on the same things\nin each moment,\nwe can at least be together in\nspirit.\n\nTo borrow from another Solstice\nspeech:\nWe are each a part of the story\nof humanity.\nOur pursuit of truth, our\npursuit of meaning, and our\npursuit of happiness,\nin some ways \nthey are incredibly fragile. \nBut compared to any one of us, \nthey are incredibly difficult\nto extinguish.\n\nWe, the people here tonight,\nand the people on this planet,\nwe have the power to shape our\nstories,\nto bring light to their\ndarkness,\nand to guide them into the\nfuture.\n\nTogether, \nwe can bring light. \n\nWe will find a way through this.",
  "audioUrl": null,
  "previousVersionId": null,
  "nextVersionId": null,
  "originalVersionId": "1478a979-c7f5-4439-8ff8-3015f218cfa6",
  "renderedContent": null,
  "bpm": null,
  "transpose": null,
  "archived": false,
  "createdBy": "secularsolstice-import",
  "createdAt": "2025-03-23T17:03:58.000Z",
  "dbCreatedAt": "2025-12-22T09:49:25.821Z",
  "slidesMovieUrl": null,
  "slideMovieStart": null,
  "slideCredits": null,
  "programCredits": null,
  "blobUrl": null
}