{
  "id": "909ff2d3-af2e-46af-b5a5-83f8cc342cc2",
  "songId": "a8d72324-cd9e-4d9f-b603-2675180bd11c",
  "label": "lyrics.txt",
  "content": "A thousand stars erect a shrine\nof wordless worlds embracing night.\nA candle blooms and spreads its shine\nand fills our hearts with such delight.\n\nWithin its silence we rejoice,\nenraptured by this blissful light,\nas if this shrine could have a voice\nthat rings throughout this solstice night.\n\nFrom now the darkness falls away\nfor we have lit this light of ours.\nInto next years it shows our way\non through these silent, starlit hours.",
  "audioUrl": null,
  "previousVersionId": "e95b8f7c-8176-440e-ba6f-16d64a590d00",
  "nextVersionId": "c2a13d19-5ce0-4da3-bbc5-84faee4841fd",
  "originalVersionId": "9ec3e9fb-15d3-4098-b0cd-aad352684e50",
  "renderedContent": null,
  "bpm": null,
  "transpose": null,
  "archived": false,
  "createdBy": "secularsolstice-import",
  "createdAt": "2025-03-23T17:03:58.000Z",
  "slidesMovieUrl": null,
  "slideMovieStart": null,
  "slideCredits": null,
  "programCredits": null,
  "blobUrl": null
}