{
  "id": "d8474f7e-9e0a-4329-a1cd-06433a9b82f5",
  "songId": "c2d370f8-202c-4488-8f49-3941f56e7143",
  "label": "gen/index.html",
  "content": "<html>\n  <head>\n    <title>Amy AKA Spent Gladiator 1</title>\n    <meta charset=\"utf-8\">\n\t<meta name=\"viewport\" content=\"width=device-width initial-scale=1.0\">\n    <link rel=stylesheet href=../../../theme.css>\n    <script src='../../../theme-switcher.js'></script>\n    <meta property='og:image' content='https://secularsolstice.github.io/songs/Amy_AKA_Spent_Gladiator_1/gen/thumb.png' />\n    <meta name='twitter:image' content='https://secularsolstice.github.io/songs/Amy_AKA_Spent_Gladiator_1/gen/thumb.png' />\n    <meta property='og:title' content='Amy AKA Spent Gladiator 1' />\n    <meta property='og:description' content=' By The Mountain Goats // This is an outside song, available [on // youtube](https://www.youtube.com/watch?v=7sNakKm3Pr0) or [as // ' />\n  </head>  <body> \n    <div class=header>\n      <a href=\"/\">Home</a>\n      <a href=\"/lists/gen/All_Songs.html\">Songs</a>\n      <a href=\"/lists/gen/All_Speeches.html\">Speeches</a>\n      <a href=\"/misc/gen/Programs.html\">Programs</a>\n    </div>\n<div class=notes>\n<h1 id=\"amy-aka-spent-gladiator-1\">Amy AKA Spent Gladiator 1</h1>\n<h2 id=\"by-the-mountain-goats\">By The Mountain Goats</h2>\n<p>This is an outside song, available <a href=\"https://www.youtube.com/watch?v=7sNakKm3Pr0\">on youtube</a> or <a href=\"https://genius.com/The-mountain-goats-amy-aka-spent-gladiator-1-lyrics\">as lyrics</a>.</p>\n<p><a href=https://github.com/SecularSolstice/SecularSolstice.github.io/edit/master/songs/Amy_AKA_Spent_Gladiator_1/README.md class=editbutton>edit description</a></p>\n</div>\n<h2>Lyrics</h2><p class=lyrics>\n</p>\n<h2>Files</h2><ul>\n<li><a href=thumb.png>thumb.png</a>\n</ul>\n<a class=rawgit href=https://github.com/SecularSolstice/SecularSolstice.github.io/tree/master/songs/Amy_AKA_Spent_Gladiator_1>Raw Git Folder</a>\n</body></html>\n",
  "audioUrl": null,
  "previousVersionId": null,
  "nextVersionId": null,
  "originalVersionId": "d8474f7e-9e0a-4329-a1cd-06433a9b82f5",
  "renderedContent": null,
  "bpm": null,
  "transpose": null,
  "archived": false,
  "createdBy": "secularsolstice-import",
  "createdAt": "2025-12-22T08:31:11.000Z",
  "dbCreatedAt": "2025-12-23T21:09:38.833Z",
  "slidesMovieUrl": null,
  "slideMovieStart": null,
  "slideCredits": null,
  "programCredits": null,
  "blobUrl": null
}