{
  "id": "ed3e1c5d-c705-4c3d-a56d-a1f3bc656d43",
  "songId": "b5f2b371-da8e-48c9-93ba-42d61de7a004",
  "label": "README.md",
  "content": "# Beneath Midwinter Midnight\n## By Raymond Arnold\n## A lament of winter, contrasting with repeated \"we are not alone\"s\n\nThis song is available for sale via bandcamp in the [2014](https://humanistculture.bandcamp.com/album/solstice-2014) album.\n\nThe original 2014 version (recorded on bandcamp) is a capella with call-and-response for every line.  The 2023 version (the sheet music) has sparse chords for a guitar, goes well with cello, and does not use call-and-response.  It's a flexible song, that way.",
  "audioUrl": null,
  "previousVersionId": "56bf7221-2386-40cf-95a0-d7de00647be5",
  "nextVersionId": "1f217430-5460-4b4b-88a0-da85569eecfd",
  "originalVersionId": "132c31c6-35d3-4bf2-8de5-346b8b2a9f27",
  "renderedContent": null,
  "bpm": null,
  "transpose": null,
  "archived": false,
  "createdBy": "secularsolstice-import",
  "createdAt": "2025-03-23T17:03:58.000Z",
  "slidesMovieUrl": null,
  "slideMovieStart": null,
  "slideCredits": null,
  "programCredits": null,
  "blobUrl": null
}