{
  "id": "2dcfa03c-bc09-4125-a1e0-d703d7676ad3",
  "songId": "7fe28590-8f71-424e-bd6e-3cb4bbf840b4",
  "label": "README.md",
  "content": "# Baby Genie\n## By Raymond Arnold\n## A simple AI metaphor\n\nI'm not sure there exists a melody for this one.\n\nBased on Eliezer's [Failed Utopia #4-2](http://lesswrong.com/lw/xu/failed_utopia_42/)",
  "audioUrl": null,
  "previousVersionId": "25f87128-5501-4b0e-8a54-188f1487b73d",
  "nextVersionId": "7eb697b5-75b3-470a-bfe6-07c5fabe321a",
  "originalVersionId": "1dbcabdf-3955-4f4d-b370-38011dccd576",
  "renderedContent": null,
  "bpm": null,
  "transpose": null,
  "archived": false,
  "createdBy": "secularsolstice-import",
  "createdAt": "2025-03-23T17:03:58.000Z",
  "dbCreatedAt": "2025-12-22T09:49:25.821Z",
  "slidesMovieUrl": null,
  "slideMovieStart": null,
  "slideCredits": null,
  "programCredits": null,
  "blobUrl": null
}