{
  "id": "516c032d-62a7-4cd4-8dd4-f039c11ffc1c",
  "songId": "70f7be23-d981-4989-a183-ba08ed0cb302",
  "label": "gen/index.html",
  "content": "<html>\n  <head>\n    <title>Battle Hymn Of The Rationalist Community</title>\n    <meta charset=\"utf-8\">\n\t<meta name=\"viewport\" content=\"width=device-width initial-scale=1.0\">\n    <link rel=stylesheet href=../../../theme.css>\n    <script src='../../../theme-switcher.js'></script>\n    <meta property='og:image' content='https://secularsolstice.github.io/songs/Battle_Hymn_Of_The_Rationalist_Community/gen/thumb.png' />\n    <meta name='twitter:image' content='https://secularsolstice.github.io/songs/Battle_Hymn_Of_The_Rationalist_Community/gen/thumb.png' />\n    <meta property='og:title' content='Battle Hymn Of The Rationalist Community' />\n    <meta property='og:description' content=' By Scott Alexandar (Lyrics) //  A triumphant celebration of truth and humanity // To the tune of [The Battle Hymn of the Republic](https://www.youtube.com/watch?v=Jy6AOGRsR80). // ' />\n  </head>  <body> \n    <div class=header>\n      <a href=\"/\">Home</a>\n      <a href=\"/lists/gen/All_Songs.html\">Songs</a>\n      <a href=\"/lists/gen/All_Speeches.html\">Speeches</a>\n      <a href=\"/misc/gen/Programs.html\">Programs</a>\n    </div>\n<div class=notes>\n<h1 id=\"battle-hymn-of-the-rationalist-community\">Battle Hymn Of The Rationalist Community</h1>\n<h2 id=\"by-scott-alexandar-lyrics\">By Scott Alexandar (Lyrics)</h2>\n<h2 id=\"a-triumphant-celebration-of-truth-and-humanity\">A triumphant celebration of truth and humanity</h2>\n<p>To the tune of <a href=\"https://www.youtube.com/watch?v=Jy6AOGRsR80\">The Battle Hymn of the Republic</a>.</p>\n<p>Pieces of this first appeared as <a href=\"https://www.youtube.com/watch?v=2y-H2Ne_Djo\">The Battle Hymn of the Republic of Letters</a> as part of the <a href=\"https://slatestarcodex.com/2013/08/17/fermats-last-stand-soundtrack-and-adventure-log/\">Fermat’s Last Stand Dungeons and Discourses campaign</a>.</p>\n<p><a href=https://github.com/SecularSolstice/SecularSolstice.github.io/edit/master/songs/Battle_Hymn_Of_The_Rationalist_Community/README.md class=editbutton>edit description</a></p>\n</div>\n<h2>Lyrics</h2><p class=lyrics>\nMine eyes have seen the glory of the works of humankind<br>\nWe have lifted up whole countries through the labors of the mind<br>\nFaiths and empires rise and crumble, in the end we always find<br>\nThe truth is marching on!<br>\n<br>\nGlory, glory hallelujah! Glory, glory hallelujah!<br>\nGlory, glory hallelujah!<br>\nThe truth is marching on!<br>\n<br>\nThey murdered Archimedes with his circles still undone<br>\nHow much loftier now the circles where his children's children run<br>\nThey arrested Galileo, but they couldn't arrest the Sun<br>\nThe truth is marching on!<br>\n<br>\nGlory, glory hallelujah! Glory, glory hallelujah!<br>\nGlory, glory hallelujah!<br>\nThe truth is marching on!<br>\n<br>\nThey tore down Alexandria, of libraries the first<br>\nAnd the Mongol hordes razed Baghdad, and its learning was dispersed<br>\nBut now there’s Wikipedia, so Genghis, do your worst!<br>\nThe truth keeps marching on!<br>\n<br>\nGlory, glory hallelujah! Glory, glory hallelujah!<br>\nGlory, glory hallelujah!<br>\nThe truth is marching on!<br>\n<br>\nSo despite the many setbacks we encounter on our way<br>\nWe still believe tomorrow can be brighter than today<br>\nThe quest is not forgotten, we continue, come what may<br>\nAs truth goes marching on!<br>\n</p>\n<h2>Files</h2><ul>\n<li><a href=Battle_Hymn_Of_The_Rationalist_Community-lyrics.txt>Battle_Hymn_Of_The_Rationalist_Community-lyrics.txt</a>\n<li><a href=thumb.png>thumb.png</a>\n<li><a href=../Battle_Hymn_DC_Solstice_2023.mp3>Battle_Hymn_DC_Solstice_2023.mp3</a>\n<li><a href=../lyrics.txt>lyrics.txt</a>\n<a href=https://github.com/SecularSolstice/SecularSolstice.github.io/edit/master/songs/Battle_Hymn_Of_The_Rationalist_Community/lyrics.txt class=editbutton>edit</a>\n</ul>\n<a class=rawgit href=https://github.com/SecularSolstice/SecularSolstice.github.io/tree/master/songs/Battle_Hymn_Of_The_Rationalist_Community>Raw Git Folder</a>\n</body></html>\n",
  "audioUrl": null,
  "previousVersionId": null,
  "nextVersionId": null,
  "originalVersionId": "516c032d-62a7-4cd4-8dd4-f039c11ffc1c",
  "renderedContent": null,
  "bpm": null,
  "transpose": null,
  "archived": false,
  "createdBy": "secularsolstice-import",
  "createdAt": "2025-12-22T08:31:11.000Z",
  "dbCreatedAt": "2025-12-23T21:09:42.263Z",
  "slidesMovieUrl": null,
  "slideMovieStart": null,
  "slideCredits": null,
  "programCredits": null,
  "blobUrl": null
}