{
  "id": "58ec4bb8-fae5-4703-ab10-844e2b2285eb",
  "songId": "e75f4266-82bb-49ed-ad35-2eac5f9ec2d8",
  "label": "lyrics-chords.cho",
  "content": "Am.. D.. G.. Em..\nSome _things in life are _bad -- they can _really make you _mad\nAm.. D.. G\n_Other things just _make you swear and _curse\n\n\nAm.. D.. G.. Em..\nWhen you're _chewing an life's _gristle -- Don't _grumble give a _whistle\nA7 D7\nAnd _this'll help things turn out for the _best\n\n\nG.. Em.. Am.. D7..\nAnd _always _look on the _bright _side of\nG.. Em.. Am.. D7..\n_life -- Do-_do, do-_do do-do do-_do\nG.. Em.. Am.. D7..\n_Always _look on the _light _side of\nG.. Em.. Am.. D7..\n_life -- Do-_do, do-_do do-do do-_do\n\n\nAm.. Cm/D.. G.. Em..\nIf _life seems jolly _rotten -- there's _something you've _forgotten\nAm.. D.. G\nand _that's to laugh and _smile and dance and _sing.\nAm.. Cm/D.. G.. E7..\nWhen you're _feeling in the _dumps -- _don't be silly _chumps\nA7 D7\nJust _purse your lips and whistle -- that's the _thing\n\n\nG.. Em.. Am.. D7..\nAnd _always _look on the _bright _side of\nG.. Em.. Am.. D7..\n_life -- Do-_do, do-_do do-do do-_do\nG.. Em.. Am.. D7..\nCome on! _Always _look on the _bright _side of\nG.. Em.. Am.. D7..\n_life -- Do-_do, do-_do do-do do-_do\n\n\nAm.. Cm/D.. G.. Em..\nFor _life is quite _absurd, and _death's the final _word\nAm.. D.. G\nyou must _always face the _curtain with a _bow\nAm.. Cm/D.. G.. E7..\n_Forget about your _sin -- give the _audience a _grin\nA7 D7\n_Enjoy it -- it's your last chance _anyhow.\n\n\nG.. Em.. Am.. D7..\nSo _always _look on the _bright _side of\nG.. Em.. Am.. D7..\n_death -- Do-_do, do-_do do-do do-_do\nG.. Em.. Am.. D7..\n_just be_fore you _draw your _terminal\nG.. Em.. Am.. D7..\n_breath -- Do-_do, do-_do do-do do-_do\n\n\nAm.. Cm/D.. G.. Em..\n_Life's a piece of _spit _when you look at _it\nAm.. D.. G\n_Life's a laugh and _death's a joke it's _true\nAm.. Cm/D.. G.. E7..\nYou'll _see it's all a _show -- keep'em _laughing as you _go\nA7 D7\njust _remember that the last laugh is on _you\n\n\nG.. Em.. Am.. D7..\nAnd _always _look on the _bright _side of\nG.. Em.. Am.. D7..\n_life -- Do-_do, do-_do do-do do-_do\nG.. Em.. Am.. D7..\n_Always _look on the _right _side of\nG.. Em.. Am.. D7..\n_life -- Do-_do, do-_do do-do do-_do\n[modulate]\n\n[modulate!] \n[Note to Ray - The F# gets changed to a Gb when the chords are rendered - would be great to keep as F# (and in the next verse, G#, C# and F# instead of Ab, Db and Gb)]\n\nA.. F#.. Bm.. E7..\nAnd _always _look on the _bright _side of\nA.. F#.. Bm.. E7..\n_life -- Do-_do, do-_do do-do do-_do\nA.. F#.. Bm.. E7..\n_Always _look on the _right _side of\nA.. F#.. Bm.. E7..\n_life -- Do-_do, do-_do do-do do-_do\n\n[modulate again!]\nB.. G#m.. C#m.. F#7..\nAnd _always _look on the _bright _side of\nB.. G#m.. C#m.. F#7..\n_life -- Do-_do, do-_do do-do do-_do\nB.. G#m.. C#m.. F#7..\n_Always _look on the _right _side of\nB.. G#m.. C#m.. F#7..\n_life -- Do-_do, do-_do do-do do-_do",
  "audioUrl": null,
  "previousVersionId": "db590755-fadb-47ce-9dd0-3c7e998410b8",
  "nextVersionId": "776cee08-1f07-420d-a03a-2cc05c2ed135",
  "originalVersionId": "767b917b-336f-4be0-9683-87752d6bb2e8",
  "renderedContent": null,
  "bpm": 100,
  "transpose": 0,
  "archived": false,
  "createdBy": "Raymond",
  "createdAt": "2025-11-30T01:54:47.959Z",
  "slidesMovieUrl": null,
  "slideMovieStart": null,
  "slideCredits": null,
  "programCredits": null,
  "blobUrl": null
}