{
  "id": "9fbdf7dd-c828-4556-aa85-1a1cef8a81a6",
  "songId": "a8d72324-cd9e-4d9f-b603-2675180bd11c",
  "label": "gen/thumb.png",
  "content": null,
  "audioUrl": null,
  "previousVersionId": null,
  "nextVersionId": null,
  "originalVersionId": "9fbdf7dd-c828-4556-aa85-1a1cef8a81a6",
  "renderedContent": null,
  "bpm": null,
  "transpose": null,
  "archived": false,
  "createdBy": "secularsolstice-import",
  "createdAt": "2025-12-22T08:31:11.000Z",
  "dbCreatedAt": "2025-12-23T21:09:40.635Z",
  "slidesMovieUrl": null,
  "slideMovieStart": null,
  "slideCredits": null,
  "programCredits": null,
  "blobUrl": "https://rjtgd9k2jkfrnhfb.public.blob.vercel-storage.com/song-a8d72324-cd9e-4d9f-b603-2675180bd11c/import-1766524179703-gen-thumb.png"
}