{
  "id": "acef9d13-e8ec-490f-b5ef-97267d08a552",
  "songId": "b5f2b371-da8e-48c9-93ba-42d61de7a004",
  "label": "README.md",
  "content": "# Beneath Midwinter Midnight\n## By Raymond Arnold\n## A lament of winter, contrasting with repeated \"we are not alone\"s\n\nThis song is available for sale via bandcamp in the [2014](https://humanistculture.bandcamp.com/album/solstice-2014) album.\n\nThe original 2014 version (recorded on bandcamp) is a capella with call-and-response for every line.  The 2023 version (the sheet music) has sparse chords for a guitar, goes well with cello, and does not use call-and-response.  It's a flexible song, that way.",
  "audioUrl": null,
  "previousVersionId": "120889ea-70e1-45b8-b44d-e83ce141d749",
  "nextVersionId": null,
  "originalVersionId": "132c31c6-35d3-4bf2-8de5-346b8b2a9f27",
  "renderedContent": null,
  "bpm": null,
  "transpose": null,
  "archived": false,
  "createdBy": "secularsolstice-import",
  "createdAt": "2025-03-23T17:03:58.000Z",
  "slidesMovieUrl": null,
  "slideMovieStart": null,
  "slideCredits": null,
  "programCredits": null,
  "blobUrl": null
}