{
  "id": "b2f8fb1e-517c-4585-863a-9acf18520739",
  "songId": "5bab42d7-4672-4234-af59-7c0e5b00423a",
  "label": "Ambient Noise.md",
  "content": "# Ambient Noise\n\nThe group stands/sits in a circle, often wildly mixed up. One person starts to make a rhythmic noise, like singing a few notes, clapping, flicking, whatever comes to mind. The next person enters with a new sound. This goes on and on until a nice rhythmic backdrop is created.",
  "audioUrl": null,
  "previousVersionId": null,
  "nextVersionId": null,
  "originalVersionId": "b2f8fb1e-517c-4585-863a-9acf18520739",
  "renderedContent": null,
  "bpm": null,
  "transpose": null,
  "archived": false,
  "createdBy": "secularsolstice-import",
  "createdAt": "2025-03-23T17:03:58.000Z",
  "dbCreatedAt": "2025-12-22T09:49:25.821Z",
  "slidesMovieUrl": null,
  "slideMovieStart": null,
  "slideCredits": null,
  "programCredits": null,
  "blobUrl": null
}