{
  "id": "b4034a8c-e1b1-4bf3-baaa-6f7fbc5fad7a",
  "songId": "246bc1b9-32b4-40dc-8bea-708cda48a9f5",
  "label": "lyrics.txt",
  "content": "I can hear tomorrow’s voice call out and lure me,\nIn the silver dew, it rings out like a bell;\nAnd the path that stretches beckoning before me\nMakes me dizzy like a children’s carousel.\n\nO beautiful tomorrow, don’t lead me into sorrow,\nBe kind to me, tomorrow, don’t lead me astray;\nI’ll chart a course to follow to lead me to tomorrow,\nTo beautiful tomorrow I start to make my way.\n\nI can hear tomorrow call me on a journey\nTo a world of wondrous beauty, far away;\nI can hear it ask me urgently and sternly:\nFor tomorrow’s sake what have I done today?\n\nO beautiful tomorrow, don’t lead me into sorrow,\nBe kind to me, tomorrow, don’t lead me astray;\nI’ll chart a course to follow to lead me to tomorrow,\nTo beautiful tomorrow I start to make my way.\n\nNow I’ll strive to be both kinder and more honest\nAnd I’ll never leave a suff’ring friend behind;\nI am called for help and come as I have promised;\nI will blaze a trail if there’s no path to find.\n\nO beautiful tomorrow, don’t lead me into sorrow,\nBe kind to me, tomorrow, don’t lead me astray;\nI’ll chart a course to follow to lead me to tomorrow,\nTo beautiful tomorrow I start to make my way.\n\nO beautiful tomorrow, don’t lead me into sorrow,\nBe kind to me, tomorrow, don’t lead me astray;\nI’ll chart a course to follow to lead me to tomorrow;\n\nTo beautiful tomorrow ---\n I start to make my way.",
  "audioUrl": null,
  "previousVersionId": "08de16fc-b463-4b0a-8d5c-3765ff6ecc10",
  "nextVersionId": "b73353d6-626f-4579-9b4c-857c4c770084",
  "originalVersionId": "0927306b-e093-491e-9b60-aa2283b01399",
  "renderedContent": null,
  "bpm": null,
  "transpose": null,
  "archived": false,
  "createdBy": "secularsolstice-import",
  "createdAt": "2025-03-23T17:03:58.000Z",
  "slidesMovieUrl": null,
  "slideMovieStart": null,
  "slideCredits": null,
  "programCredits": null,
  "blobUrl": null
}