{
  "id": "954682a0-824c-4700-a1ba-a7650282b9c4",
  "songId": "c2d370f8-202c-4488-8f49-3941f56e7143",
  "label": "Makefile",
  "content": "FILES_TO_LIST=\n\ninclude ../Makefile.common",
  "audioUrl": null,
  "previousVersionId": "09f1aecc-d0f4-4e47-bded-fd6c58f19eaa",
  "nextVersionId": "1f2773eb-4439-438b-aa75-9784721853a9",
  "originalVersionId": "09f1aecc-d0f4-4e47-bded-fd6c58f19eaa",
  "renderedContent": null,
  "bpm": null,
  "transpose": null,
  "archived": false,
  "createdBy": "secularsolstice-import",
  "createdAt": "2025-03-23T17:03:58.000Z",
  "slidesMovieUrl": null,
  "slideMovieStart": null,
  "slideCredits": null,
  "programCredits": null,
  "blobUrl": null
}