{
  "id": "e7e35d17-7d2d-4cac-91a6-5239e2749018",
  "songId": "a141f954-1497-49fa-83b3-51599dbc4855",
  "label": "README.md",
  "content": "#  Ballad Of Smallpox Gone\n## By Leslie Fish\n## Celebrating this victory\n\nOriginal recording [here](https://www.youtube.com/watch?v=32yPWJcq2AI)\n\nPlacing this one in the arc is a bit tricky.  The celebration of a modern accomplishment is more Morning, but the many considerations of remaining plagues don't quite fit with that.\n\nAn updated version of the lyrics was written for Bay Solstice 2022, and is presented below, with a corresponding [chord sheet](Ballad_of_Smallpox_Gone-chord-sheet.pdf). The original lyrics can be found [here](../lyrics.txt).\n",
  "audioUrl": null,
  "previousVersionId": "b1e24768-4554-4a0b-bf1b-6f6f2549724f",
  "nextVersionId": "0f168f2c-b54b-4c9e-b966-1f361914c5ac",
  "originalVersionId": "e505cd77-5db1-4803-95f2-8a5c1bb39720",
  "renderedContent": null,
  "bpm": null,
  "transpose": 0,
  "archived": false,
  "createdBy": null,
  "createdAt": "2025-11-23T22:23:34.836Z",
  "dbCreatedAt": "2025-12-22T09:49:25.821Z",
  "slidesMovieUrl": null,
  "slideMovieStart": null,
  "slideCredits": null,
  "programCredits": null,
  "blobUrl": null
}