{
  "id": "0c12e972-f2fa-40c2-ba5d-73d7955d0ca5",
  "songId": "71e34f7a-1649-4f30-b94f-7496640c696a",
  "label": "README.md",
  "content": "# And So It Goes\n## By Billy Joel\n## A lament of love, pain and acceptance\n\nAn outside song.  [Original music video](https://www.youtube.com/watch?v=FHO6a2H-pqY),  [Lyrics](https://genius.com/Billy-joel-and-so-it-goes-lyrics)",
  "audioUrl": null,
  "previousVersionId": "9563ea82-582c-4c85-a4a7-217e8cf1b69f",
  "nextVersionId": null,
  "originalVersionId": "b629c56e-22e3-43ec-a3bc-104ccc735e39",
  "renderedContent": null,
  "bpm": null,
  "transpose": null,
  "archived": false,
  "createdBy": "secularsolstice-import",
  "createdAt": "2025-03-23T17:03:58.000Z",
  "slidesMovieUrl": null,
  "slideMovieStart": null,
  "slideCredits": null,
  "programCredits": null,
  "blobUrl": null
}