{
  "id": "54f0314d-b153-487b-b9d8-22ffa35cb3f3",
  "songId": "b5f2b371-da8e-48c9-93ba-42d61de7a004",
  "label": "gen/index.html",
  "content": "<html>\n  <head>\n    <title>Beneath Midwinter Midnight</title>\n    <meta charset=\"utf-8\">\n\t<meta name=\"viewport\" content=\"width=device-width initial-scale=1.0\">\n    <link rel=stylesheet href=../../../theme.css>\n    <script src='../../../theme-switcher.js'></script>\n    <meta property='og:image' content='https://secularsolstice.github.io/songs/Beneath_Midwinter_Midnight/gen/thumb.png' />\n    <meta name='twitter:image' content='https://secularsolstice.github.io/songs/Beneath_Midwinter_Midnight/gen/thumb.png' />\n    <meta property='og:title' content='Beneath Midwinter Midnight' />\n    <meta property='og:description' content=' By Raymond Arnold //  A lament of winter, contrasting with repeated \"we are not alone\"s // This song is available for sale via bandcamp in the [2014](https://humanistculture.bandcamp.com/album/solstice-2014) album. // ' />\n  </head>  <body> \n    <div class=header>\n      <a href=\"/\">Home</a>\n      <a href=\"/lists/gen/All_Songs.html\">Songs</a>\n      <a href=\"/lists/gen/All_Speeches.html\">Speeches</a>\n      <a href=\"/misc/gen/Programs.html\">Programs</a>\n    </div>\n<div class=notes>\n<h1 id=\"beneath-midwinter-midnight\">Beneath Midwinter Midnight</h1>\n<h2 id=\"by-raymond-arnold\">By Raymond Arnold</h2>\n<h2\nid=\"a-lament-of-winter-contrasting-with-repeated-we-are-not-alones\">A\nlament of winter, contrasting with repeated “we are not alone”s</h2>\n<p>This song is available for sale via bandcamp in the <a\nhref=\"https://humanistculture.bandcamp.com/album/solstice-2014\">2014</a>\nalbum.</p>\n<p>The original 2014 version (recorded on bandcamp) is a capella with\ncall-and-response for every line. The 2023 version (the sheet music) has\nsparse chords for a guitar, goes well with cello, and does not use\ncall-and-response. It’s a flexible song, that way.</p>\n<p><a href=https://github.com/SecularSolstice/SecularSolstice.github.io/edit/master/songs/Beneath_Midwinter_Midnight/README.md class=editbutton>edit description</a></p>\n</div>\n<h2>Lyrics</h2><p class=lyrics>\n(Call-and-response every line)<br>\n<br>\nBeneath midwinter midnight moon<br>\nTold you I'd be coming soon<br>\nI wish somehow, I wish you knew<br>\nthat you are not alone.<br>\n<br>\nYou are not alone.<br>\n<br>\nBeneath midwinter midnight snow<br>\nThere's no sign pointing where to go<br>\nNo single sign that life could grow<br>\nBut still, you're not alone.<br>\n<br>\nYou are not alone.<br>\n<br>\nBeneath midwinter midnight sky<br>\nSometimes people say goodbye,<br>\nAnd no one's here to tell us why<br>\nBut we are not alone.<br>\n<br>\nBut we are not alone.<br>\n<br>\nBeneath midwinter morning light<br>\nGetting hard to know what's right<br>\nBut take my hand and hold on tight<br>\nCause we are not alone.<br>\n<br>\nWe are not alone<br>\nWe are not alone<br>\n</p>\n<h2>Files</h2><ul>\n<li><a href=Beneath_Midwinter_Midnight-from-midi.mp3>Beneath_Midwinter_Midnight-from-midi.mp3</a>\n<li><a href=Beneath_Midwinter_Midnight-lyrics.txt>Beneath_Midwinter_Midnight-lyrics.txt</a>\n<li><a href=Beneath_Midwinter_Midnight-sheet-music.midi>Beneath_Midwinter_Midnight-sheet-music.midi</a>\n<li><a href=Beneath_Midwinter_Midnight-sheet-music.pdf>Beneath_Midwinter_Midnight-sheet-music.pdf</a>\n<li><a href=thumb.png>thumb.png</a>\n<li><a href=../Beneath_Midwinter_Midnight-soundcloud.mp3>Beneath_Midwinter_Midnight-soundcloud.mp3</a>\n<li><a href=../lyrics.txt>lyrics.txt</a>\n<a href=https://github.com/SecularSolstice/SecularSolstice.github.io/edit/master/songs/Beneath_Midwinter_Midnight/lyrics.txt class=editbutton>edit</a>\n<li><a href=../sheet-music.ly>sheet-music.ly</a>\n<a href=https://github.com/SecularSolstice/SecularSolstice.github.io/edit/master/songs/Beneath_Midwinter_Midnight/sheet-music.ly class=editbutton>edit</a>\n</ul>\n<a class=rawgit href=https://github.com/SecularSolstice/SecularSolstice.github.io/tree/master/songs/Beneath_Midwinter_Midnight>Raw Git Folder</a>\n</body></html>\n",
  "audioUrl": null,
  "previousVersionId": null,
  "nextVersionId": null,
  "originalVersionId": "54f0314d-b153-487b-b9d8-22ffa35cb3f3",
  "renderedContent": null,
  "bpm": null,
  "transpose": null,
  "archived": false,
  "createdBy": "secularsolstice-import",
  "createdAt": "2025-12-22T08:31:11.000Z",
  "dbCreatedAt": "2025-12-23T21:09:46.729Z",
  "slidesMovieUrl": null,
  "slideMovieStart": null,
  "slideCredits": null,
  "programCredits": null,
  "blobUrl": null
}