{
  "id": "02bf8d61-3435-41e7-b8d8-428bf66be426",
  "songId": "7fe28590-8f71-424e-bd6e-3cb4bbf840b4",
  "label": "README.md",
  "content": "# Baby Genie\n## By Raymond Arnold\n## A simple AI metaphor\n\nI'm not sure there exists a melody for this one.\n\nBased on Eliezer's [Failed Utopia #4-2](http://lesswrong.com/lw/xu/failed_utopia_42/)",
  "audioUrl": null,
  "previousVersionId": null,
  "nextVersionId": "88566280-0c96-47c4-873a-820d14ce8d42",
  "originalVersionId": "02bf8d61-3435-41e7-b8d8-428bf66be426",
  "renderedContent": null,
  "bpm": null,
  "transpose": null,
  "archived": false,
  "createdBy": "secularsolstice-import",
  "createdAt": "2025-03-23T17:03:58.000Z",
  "dbCreatedAt": "2025-12-22T09:49:25.821Z",
  "slidesMovieUrl": null,
  "slideMovieStart": null,
  "slideCredits": null,
  "programCredits": null,
  "blobUrl": null
}