{
  "id": "0633783c-c14a-49d8-8c59-ba1ebcbc6a22",
  "songId": "e75f4266-82bb-49ed-ad35-2eac5f9ec2d8",
  "label": "bay2025.cho",
  "content": "2/4\n\n[spoken]\n[Some _things in life are _bad, they can _really make you _mad]\n[_Other things just _make you swear and _curse]\n[When you're _chewing on life's _gristle -- Don't _grumble give a _whistle]\n[And _this'll help things turn out for the _best]\n\n\nG.. Em.. Am.. D7.. G..\nAnd _always _look on the _bright _side of _life\nEm.. Am.. D7..\nDo-_do, do-_do do-do do-_do\nG.. Em.. Am.. D7.. G..\n_Always _look on the _light _side of _life\nEm.. Am.. D7..\nDo-_do, do-_do do-do do-_do\n\n\nAm.. Cm/D.. G.. Em..\nIf _life seems jolly _rotten — there's _something you've _forgotten\nAm.. D.. G\nand _that's to laugh and _smile and dance and _sing.\nAm.. Cm/D.. G.. E7..\nWhen you're _feeling in the _dumps — _don't be silly _chumps\nA7 D7\nJust _purse your lips and whistle — that's the _thing.\n\n\nG.. Em.. Am.. D7.. G..\nAnd _always _look on the _bright _side of _life\nEm.. Am.. D7..\nDo-_do, do-_do do-do do-_do\nG.. Em.. Am.. D7.. G..\n_Always _look on the _bright _side of _life\nEm.. Am.. D7..\nDo-_do, do-_do do-do do-_do\n\n\nAm.. Cm/D.. G.. Em..\nFor _life is quite _absurd, and _death's the final _word\nAm.. D.. G\nyou must _always face the _curtain with a _bow.\nAm.. Cm/D.. G.. E7..\n_Forget about your _sin — give the _audience a _grin\nA7 D7\n_Enjoy it — it's your last chance _anyhow.\n\n\nG.. Em.. Am.. D7.. D7..\nSo _always _look on the _bright _side of _death\nG.. Em.. Am..\nDo-_do, do-_do do-do do-_do\nG.. Em.. Am.. D7.. D7..\n_just be_fore you _draw your _terminal _breath\nG.. Em.. Am..\nDo-_do, do-_do do-do do-_do\n\n\nAm.. Cm/D.. G.. Em..\n_Life's a piece of _shit _when you look at _it.\nAm.. D.. G\n_Life's a laugh and _death's a joke it's _true.\nAm.. Cm/D.. G.. E7..\nYou'll _see it's all a _show — keep'em _laughing as you _go\nA7 D7\njust _remember that the last laugh is on _you.\n\n\nG.. Em.. Am.. D7.. G.. \nAnd _always _look on the _bright _side of _life\nEm.. Am.. D7..\nDo-_do, do-_do do-do do-_do\nG.. Em.. Am.. D7.. G.. \n_Always _look on the _right _side of _life\nEm.. Am.. D7..\nDo-_do, do-_do do-do do-_do\n[[modulate]]\n\n[[modulate]]\nA.. F#.. Bm.. E7.. A.. \nAnd _always _look on the _bright _side of _life\nF#.. Bm.. E7..\nDo-_do, do-_do do-do do-_do\nA.. F#.. Bm.. E7.. A.. \n_Always _look on the _right _side of _life\nF#.. Bm.. E7..\nDo-_do, do-_do do-do do-_do\n\n[[modulate again!]]\nB.. G#m.. C#m.. F#7.. B.. \nAnd _always _look on the _bright _side of _life\nG#m.. C#m.. F#7..\nDo-_do, do-_do do-do do-_do\nB.. G#m.. C#m.. F#7.. B.. \n_Always _look on the _right _side of _life",
  "audioUrl": null,
  "previousVersionId": "00f479f8-d401-452d-96b9-86bc8631d1af",
  "nextVersionId": "ad8b1353-517d-4797-a429-63d4935b7949",
  "originalVersionId": "767b917b-336f-4be0-9683-87752d6bb2e8",
  "renderedContent": null,
  "bpm": 100,
  "transpose": 0,
  "archived": false,
  "createdBy": "Raymond",
  "createdAt": "2025-12-04T20:31:21.681Z",
  "slidesMovieUrl": null,
  "slideMovieStart": null,
  "slideCredits": "By Eric Idle & Monty Python",
  "programCredits": "By Eric Idle & Monty Python",
  "blobUrl": null
}