{
  "id": "693f8594-62be-4dd3-8a22-0b364204b240",
  "songId": "a6e1f99b-b091-46a7-baf1-9b137515b52f",
  "label": "chord-sheet.ugc",
  "content": "-------------------\nBrighter than Today\n-------------------\n\nD\nCountless winter nights ago,\nA\nA woman shivered in the cold.\nBm\nCursed the skies, and wondered why\nG\nThe gods invented pain.\n\nD\nAching angry flesh and bone,\nA\nBitterly she struck the stone\nBm \nTill she saw that sudden spark\nG \nOf light, and golden flame.\n\nBm \nShe showed the others, but they told her\nG \nShe was not fit to control\nD \nThe primal forces that the gods\nA \nHad cloaked in mystery\n\nBm \nBut she would not be satisfied,\nG \nAnd though she trembled, she defied them\nD \nTook her torch and raised it high\nA \nSet afire history.\nA               \n    Oh,\n\nCHORUS:\n\nG \nTomorrow can be brighter than\nBm \ntoday, although the night is cold.\nD \nThe stars may seem so very far\nA \naway...\n\nG \nBut courage, hope and reason burn,\nBm \nIn every mind, each lesson learned,\nD \nShining light to guide our way\nA                               Bm\nMake tomorrow brighter than to-day...\n       Em             G               D\nOh, tomorrow can be brighter than to-day.\n\nVERSE 2\n\nD \nAges long forgotten now,\nA \nWe built the wheel and then the plough.\nBm \nTilled the earth and proved our worth,\nG \nAgainst the drought and snow.\n\nD \nSoon we had the time to fathom\nA \nMountain peaks and tiny atoms,\nBm \nBeating hearts, electric sparks, and\nG \nSo much more to know.\n\nCHORUS:\nG \nTomorrow can be brighter than\nBm \nto-day, although the night is cold.\nD \nThe stars may seem so very far\nA \naway...\n\nG \nBut courage, hope and reason grow,\nBm \nWith every passing season so we'll\nD \nDrive the darkness far away…\nA                               Bm\nMake tomorrow brighter than to-day...\n       Em             G               D\nOh, tomorrow can be brighter than to-day.\n\nVERSE 3\n\nD \nThe universe may seem unfair.\nA \nThe laws of nature may not care.\nBm \nThe storms and quakes, our own mistakes,\nG \nThey nearly doused our flame.\n\nD \nBut all these trials we’ve endured\nA \nWith lessons learned, diseases cured\nBm \nAgainst our herculean task\nG \nWe’ve risen to proclaim.\n\nCHORUS:\n\nG \nTomorrow can be brighter than to-day\nBm \nAlthough the night is cold.\nD \nThe stars may seem so very far\nA \nAway...\n\nG \nBut courage, hope and reason bloom,\nBm \nAcross the world and one day soon we'll\nD \nRise up to the stars and say...\nA                               Bm\nMake tomorrow brighter than to-day...\n       Em             G               D\nOh, tomorrow can be brighter than to-day.\n   Em             G               D\nTomorrow can be brighter than to-day.",
  "audioUrl": null,
  "previousVersionId": "fcd25995-2547-4d60-be5a-2133c877ad21",
  "nextVersionId": null,
  "originalVersionId": "c82c55c2-cb02-4225-9b19-306874d92f84",
  "renderedContent": null,
  "bpm": null,
  "transpose": null,
  "archived": false,
  "createdBy": "secularsolstice-import",
  "createdAt": "2025-03-23T17:03:58.000Z",
  "slidesMovieUrl": null,
  "slideMovieStart": null,
  "slideCredits": null,
  "programCredits": null,
  "blobUrl": null
}