{
  "id": "ddfe133e-bd43-42a0-9eaa-62fa15c00682",
  "songId": "347696de-4291-4522-8a51-84927ed8129c",
  "label": "nuclearWinter.cho",
  "content": "G5 NC\n_Sun barely shining _across the horizon\nG5 NC\n_Little one, little one, _bitter wind blown…\nGm NC\n_Black rain is dripping down _silhouettes brittle, oh\nG5/Eb NC\n_Little one, little one, _bitter wind blown…\n\nG5 NC\n_Watching you wither in _Little Boy’s wake, oh\nEb5 NC\n_Little one, little one, _bitter wind blown…\nGm NC \n_And seeing you shake as you _fold the last papercrane, oh\nEb NC\n_Little one, little one, _bitter wind blown…\n\nCm.. Bb..\n_Sun, sailing a_way\nBb.. F..\nI don't know _where... I don’t know _why…\nCm.. Bb..\n_Sky, darkening _grey,\nBb.. F.. \nWishing there _weren’t so many good_byes...\n\nBb F Gm\n_Little one, _little one _why...\nF Gm \n_Little one _why...\n\nGm Gm Gm\n...\n\n[Violin Solo]\nAm Am/F... G. Am A/F... G.\n_... _... _... _... _... _...\n\n\nAm\n_Might be a winter like never been sown before\nAm/F... G.\n_Little one, little one, bitter wind _blown…\nAm\n_Physicists knowing sin, can’t be be un-known, oh \nAm/F... G.\n_Little one, little one, bitter wind _blown…\n\nAm C D\n_Petrov and Arkhipov _hanging by _threads, oh\nF\nLittle one, little one, bitter wind blown…\nAm C D\n_Khrushchev and Kennedy _tangled in _their own webs\nF\nLittle one, little one, bitter wind blown…\n\nAm\nBut step by step, hotline and parley and precedent\nLittle one, little one, bitter wind blown…\nAm\nProtest and pact inching back from the precipice,\nLittle one, little one, bitter wind blown…\n\nAm C D\nAnd our _children keep watch to keep _winter from _coming\nF D G\n_Looking and labo_ring, _doing what must be done\nF G\n_Little one, little one, _bitter wind blown…\nAm G D\n_Little one, little one, _bitter wind _blown…\n\nDm C\n_Sun, sailing a_way\nC G\nI don't know _where... I don’t know _why…\nDm C\n_Sky, darkening _grey,\nC G\nWishing there _weren’t so many good_byes...\n\nG\n...\n\nNC\n...\n[Piano gives the D to C melody]\n\nAm C D\nAnd _maybe some good folk are _still gonna _die\nAm G D\n_Little one, little one, _bitter wind _blown…\n\nNC\n...\n\nAm C D\nTheir _mothers shake helpless with _rage and de_nial\nAm G Dm\n_Little one, little one, _bitter wind _blown…\n\nNC\n...\n\nAm C D\nBut _maybe it might be less _lasting a _sorrow,\nAm G D\n_Little one, little one, _bitter wind _blown…\n\nNC\n...\n\nAm C D\n_Still mothers left to dig _more graves to_morrow\nF G A5\n_Little one, little one, _bitter wind _blown…\n",
  "audioUrl": null,
  "previousVersionId": "55199a14-1d8a-4bf1-84f5-87aabd8e33eb",
  "nextVersionId": "39c7c12b-5da6-41aa-8958-4d9661f30c1f",
  "originalVersionId": "49d94df1-03e7-4480-b54e-2f9bb0567498",
  "renderedContent": null,
  "bpm": 100,
  "transpose": 0,
  "archived": false,
  "createdBy": "Taylor",
  "createdAt": "2025-11-29T20:40:49.646Z",
  "dbCreatedAt": "2025-12-22T09:49:25.821Z",
  "slidesMovieUrl": null,
  "slideMovieStart": null,
  "slideCredits": null,
  "programCredits": null,
  "blobUrl": null
}