{
  "id": "8d712a92-ce01-4340-a3ab-c645cf42c595",
  "songId": "347696de-4291-4522-8a51-84927ed8129c",
  "label": "Makefile",
  "content": "PREFIX=Bitter_Wind_March-\nFILES_TO_LIST=lyrics.txt chord-chart.html chord-sheet.pdf chord-sheet-2col.pdf\n\ngen/${PREFIX}lyrics.txt: chart.csv\n\t../../scripts/csv-to-lyrics.py chart.csv - 7 | sed 's/  */ /g' > gen/${PREFIX}lyrics.txt\n\ninclude ../Makefile.common",
  "audioUrl": null,
  "previousVersionId": "bf2b256f-1bd1-46df-a1e5-857bd0ec790a",
  "nextVersionId": "cc8bc170-cb81-4e06-a54c-f883e02df156",
  "originalVersionId": "49d94df1-03e7-4480-b54e-2f9bb0567498",
  "renderedContent": null,
  "bpm": null,
  "transpose": null,
  "archived": false,
  "createdBy": "secularsolstice-import",
  "createdAt": "2025-03-23T17:03:58.000Z",
  "slidesMovieUrl": null,
  "slideMovieStart": null,
  "slideCredits": null,
  "programCredits": null,
  "blobUrl": null
}