{
  "id": "1f2773eb-4439-438b-aa75-9784721853a9",
  "songId": "c2d370f8-202c-4488-8f49-3941f56e7143",
  "label": "README.md",
  "content": "# Amy AKA Spent Gladiator 1\n## By The Mountain Goats\n\nThis is an outside song, available [on\nyoutube](https://www.youtube.com/watch?v=7sNakKm3Pr0) or [as\nlyrics](https://genius.com/The-mountain-goats-amy-aka-spent-gladiator-1-lyrics).",
  "audioUrl": null,
  "previousVersionId": null,
  "nextVersionId": "c37d10b4-b674-4b5c-9d2e-a927c63189ae",
  "originalVersionId": "1f2773eb-4439-438b-aa75-9784721853a9",
  "renderedContent": null,
  "bpm": null,
  "transpose": null,
  "archived": false,
  "createdBy": "secularsolstice-import",
  "createdAt": "2025-03-23T17:03:58.000Z",
  "dbCreatedAt": "2025-12-22T09:49:25.821Z",
  "slidesMovieUrl": null,
  "slideMovieStart": null,
  "slideCredits": null,
  "programCredits": null,
  "blobUrl": null
}