{
  "id": "449b14a8-761a-4d11-af90-abf909a1f5d4",
  "songId": "b17e6eac-f508-497f-b823-b6d92e77f569",
  "label": "bay2025.cho",
  "content": "A5    | C_G    |A5      |C_G     | D5    | A5\nAm    | F      | D      | F\nA     | C      | D      | F\nA     | C\t  | D      | .\n\nA     | C       | D     | A     |\nA     | C       | D     | A     |\n\nD     | E       | D     | .     |\nA     | .       |\n\nA     | C       | D     | A     |\nA     | C       | D     | A     |\nA     | C       | D     | A     |\nA     | C       | D     | A     |\n\nD     | E       | D     | .     |\nA     | .       | .     | .     |\n\n\n[can I get a chord?]\n\nBring the light (Bring the light)\nBring the li-ight (Bring the li-ight)\nBring the light and let it shine on me\n\n[okay, now, people in _this_ half of the room, I’d like you to do a slightly different thing, can you do “bring the light” <high note>]\n\n[do that a couple times]\n\n[okay, now I’m going to say some words, and then you guys sing “bring the light”. Like I’ll go]\n\nDrive you chariot (bring the light)\nPull the flame (bring the light)\nBring the light and let it shine on me\n\n\n<Now, chorus. Not gonna teach. You need to figure out songs first time through. Right now, your job is to be so loud that the sun god comes back, not worry if you’re singing right. If you notice you’re singing a different note than me, that’s fine, try to get a feel for where the next note is going. It’s kinda like riding a bike, if you just do it you can get a knack for it>\n\n[instruments kick in]\nBring the light and let it shine, \nBring it back just one more time,\nBring the light and let it shine...\n...\nLet it shine on me.\n\nEat the seeds (bring the light)\nSplit the seasons (bring the li-ight)\nBring the light and let it shine on me\n\nBattle the moon (bring the light)\nDarkness loom (bring the li-ight)\nBring the light and let it shine on me\n\nSpeak the word (bring the light)\nLet it be (bring the li-ight)\nBring the light and let it shine on me\n\nSun arising (bring the light)\nShinin’ free (bring the li-ight)\nBring the light and let it shine on me\n\nBring the light and let it shine, \nBring it back just one more time,\nBring the light and let it shine…\n...\nLet it shine on me.\n\nLet it shine on me.\n",
  "audioUrl": "",
  "previousVersionId": "5c54b9ab-b5fe-46b0-8b68-de453d2e4848",
  "nextVersionId": "3639ef5e-9976-4230-ac31-5d65bc241021",
  "originalVersionId": "8598e183-d39a-4821-b701-3efcdeabed21",
  "renderedContent": null,
  "bpm": 100,
  "transpose": 0,
  "archived": false,
  "createdBy": "Raymond",
  "createdAt": "2025-11-29T18:53:57.283Z",
  "slidesMovieUrl": null,
  "slideMovieStart": null,
  "slideCredits": null,
  "programCredits": null,
  "blobUrl": null
}