{
  "id": "e1b379f6-d798-4d84-b445-a0a981fd28f3",
  "songId": "246bc1b9-32b4-40dc-8bea-708cda48a9f5",
  "label": "chord-sheet.ugc",
  "content": "-------------------------------------------------\nBeautiful Tomorrow -- Simplified A-minor version.\n-------------------------------------------------\n\nQuarter note = 90 bpm\nAm                                           Dm\n   I can hear tomorrow’s voice call out and lure me\n       E                              Am\nIn the silver dew, it rings out like a bell\n        F                    G            C        E\nAnd the path that stretches, beckoning, before me\n         F            B7               E\nMakes me dizzy like a children’s carousel\n\n[Chorus]\n   Am          Dm           E              Am\nOh beautiful tomorrow, don’t lead me into  sorrow\n    F             C             G         E\nBe kind to me, tomorrow, don’t lead me astray\n      Am                Dm         E           Am\nI’ll chart a course to follow, to bring me to tomorrow\n    Dm         Am          E               Am\nTo beautiful tomorrow, I start to make my way\n\nI can hear tomorrow call me on a journey\nTo a world of wondrous beauty far away\nI can hear it ask me urgently and sternly\nFor tomorrow’s sake what have I done today?\n\n[Chorus]\n\nNow I’ll strive to be both kinder and more honest\nAnd to never leave a suff’ring friend behind\nI will toil each day to live up to my promise\nI will blaze a trail if there’s no path to find\n\n[Chorus 2x]\n",
  "audioUrl": null,
  "previousVersionId": "b77682f4-131a-4e0f-b088-2a07086ec610",
  "nextVersionId": "c4994a18-b5b7-4c39-94bd-9de67c1e5a7f",
  "originalVersionId": "0927306b-e093-491e-9b60-aa2283b01399",
  "renderedContent": null,
  "bpm": null,
  "transpose": 0,
  "archived": false,
  "createdBy": null,
  "createdAt": "2025-11-23T22:23:35.569Z",
  "dbCreatedAt": "2025-12-22T09:49:25.821Z",
  "slidesMovieUrl": null,
  "slideMovieStart": null,
  "slideCredits": null,
  "programCredits": null,
  "blobUrl": null
}