{
  "id": "37b33c97-3327-4af5-854b-7bd52431e143",
  "songId": "a141f954-1497-49fa-83b3-51599dbc4855",
  "label": "gen/index.html",
  "content": "<html>\n  <head>\n    <title> Ballad Of Smallpox Gone</title>\n    <meta charset=\"utf-8\">\n\t<meta name=\"viewport\" content=\"width=device-width initial-scale=1.0\">\n    <link rel=stylesheet href=../../../theme.css>\n    <script src='../../../theme-switcher.js'></script>\n    <meta property='og:image' content='https://secularsolstice.github.io/songs/Ballad_of_Smallpox_Gone/gen/thumb.png' />\n    <meta name='twitter:image' content='https://secularsolstice.github.io/songs/Ballad_of_Smallpox_Gone/gen/thumb.png' />\n    <meta property='og:title' content=' Ballad Of Smallpox Gone' />\n    <meta property='og:description' content=' By Leslie Fish //  Celebrating this victory // Original recording [here](https://www.youtube.com/watch?v=32yPWJcq2AI) // ' />\n  </head>  <body> \n    <div class=header>\n      <a href=\"/\">Home</a>\n      <a href=\"/lists/gen/All_Songs.html\">Songs</a>\n      <a href=\"/lists/gen/All_Speeches.html\">Speeches</a>\n      <a href=\"/misc/gen/Programs.html\">Programs</a>\n    </div>\n<div class=notes>\n<h1 id=\"ballad-of-smallpox-gone\">Ballad Of Smallpox Gone</h1>\n<h2 id=\"by-leslie-fish\">By Leslie Fish</h2>\n<h2 id=\"celebrating-this-victory\">Celebrating this victory</h2>\n<p>Original recording <a\nhref=\"https://www.youtube.com/watch?v=32yPWJcq2AI\">here</a></p>\n<p>Placing this one in the arc is a bit tricky. The celebration of a\nmodern accomplishment is more Morning, but the many considerations of\nremaining plagues don’t quite fit with that.</p>\n<p>An updated version of the lyrics was written for Bay Solstice 2022,\nand is presented below, with a corresponding <a\nhref=\"Ballad_of_Smallpox_Gone-chord-sheet.pdf\">chord sheet</a>. The\noriginal lyrics can be found <a href=\"../lyrics.txt\">here</a>.</p>\n<p><a href=https://github.com/SecularSolstice/SecularSolstice.github.io/edit/master/songs/Ballad_of_Smallpox_Gone/README.md class=editbutton>edit description</a></p>\n</div>\n<h2>Lyrics</h2><p class=lyrics>\nOld king plague is dead<br>\nThe smallpox plague is dead<br>\nNo more children dying hard<br>\nNo more victims living scarred<br>\nWith the marks of the devil's kiss<br>\nWe still may die of other things, but we will not die of this<br>\n<br>\nRaise your glasses high<br>\nFor all who will not die<br>\nTo all the doctors, nurses too<br>\nAnd all the lab technicians who<br>\nDrove it into the ground<br>\nIf the whole UN does nothing else, it cut this terror down<br>\n<br>\nNow scarce the headlines said<br>\nThe ancient plague was dead<br>\nThen they spoke of curses new<br>\nAIDS and SARS, Ebola too<br>\nAnd COVID rages on...<br>\nTen new plagues may take its place but at least this one is gone<br>\n<br>\nOld king plague is dead<br>\nThe smallpox plague is dead<br>\nNo more children dying hard<br>\nNo more victims living scarred<br>\nWith the marks of the devils kiss<br>\nWe still may die of other things, but we will not die of this<br>\nOh no!<br>\nWe still may die of other things, but we will not die of this!<br>\n</p>\n<h2>Files</h2><ul>\n<li><a href=Ballad_of_Smallpox_Gone-chord-sheet.cho>Ballad_of_Smallpox_Gone-chord-sheet.cho</a>\n<li><a href=Ballad_of_Smallpox_Gone-chord-sheet.pdf>Ballad_of_Smallpox_Gone-chord-sheet.pdf</a>\n<li><a href=Ballad_of_Smallpox_Gone-lyrics.txt>Ballad_of_Smallpox_Gone-lyrics.txt</a>\n<li><a href=thumb.png>thumb.png</a>\n<li><a href=../chord-sheet.ugc>chord-sheet.ugc</a>\n<a href=https://github.com/SecularSolstice/SecularSolstice.github.io/edit/master/songs/Ballad_of_Smallpox_Gone/chord-sheet.ugc class=editbutton>edit</a>\n<li><a href=../lyrics.txt>lyrics.txt</a>\n<a href=https://github.com/SecularSolstice/SecularSolstice.github.io/edit/master/songs/Ballad_of_Smallpox_Gone/lyrics.txt class=editbutton>edit</a>\n</ul>\n<a class=rawgit href=https://github.com/SecularSolstice/SecularSolstice.github.io/tree/master/songs/Ballad_of_Smallpox_Gone>Raw Git Folder</a>\n</body></html>\n",
  "audioUrl": null,
  "previousVersionId": null,
  "nextVersionId": null,
  "originalVersionId": "37b33c97-3327-4af5-854b-7bd52431e143",
  "renderedContent": null,
  "bpm": null,
  "transpose": null,
  "archived": false,
  "createdBy": "secularsolstice-import",
  "createdAt": "2025-12-22T08:31:11.000Z",
  "dbCreatedAt": "2025-12-23T21:09:44.132Z",
  "slidesMovieUrl": null,
  "slideMovieStart": null,
  "slideCredits": null,
  "programCredits": null,
  "blobUrl": null
}