{
  "id": "f02d9f0a-974c-4fc8-a9c5-47966cd202d6",
  "songId": "2fb93d80-6793-44a8-acb9-ba09be5767a9",
  "label": "Makefile",
  "content": "PREFIX=Blowin_in_the_Wind-\nFILES_TO_LIST=lyrics.txt chord-chart.html\n\ngen/${PREFIX}lyrics.txt: chart.csv\n\t../../scripts/csv-to-lyrics.py chart.csv gen/${PREFIX}lyrics.txt 6\n\ninclude ../Makefile.common",
  "audioUrl": null,
  "previousVersionId": "052ae507-eaea-438e-a51e-e9b1804c35fa",
  "nextVersionId": "6c5b0c68-128a-4d42-820f-64c86ea2d7f5",
  "originalVersionId": "052ae507-eaea-438e-a51e-e9b1804c35fa",
  "renderedContent": null,
  "bpm": null,
  "transpose": null,
  "archived": false,
  "createdBy": "secularsolstice-import",
  "createdAt": "2025-03-23T17:03:58.000Z",
  "slidesMovieUrl": null,
  "slideMovieStart": null,
  "slideCredits": null,
  "programCredits": null,
  "blobUrl": null
}