{
  "id": "9f79dd2f-86c3-4b5f-a409-412786f07e51",
  "songId": "5f4453c2-eff7-4cd7-be92-cb76134ab63c",
  "label": "bay2025.txt",
  "content": null,
  "audioUrl": null,
  "previousVersionId": null,
  "nextVersionId": "98b06490-070a-4146-8073-7f76890762af",
  "originalVersionId": "9f79dd2f-86c3-4b5f-a409-412786f07e51",
  "renderedContent": null,
  "bpm": 100,
  "transpose": 0,
  "archived": false,
  "createdBy": "Raymond",
  "createdAt": "2025-12-03T22:18:19.850Z",
  "slidesMovieUrl": null,
  "slideMovieStart": null,
  "slideCredits": null,
  "programCredits": null,
  "blobUrl": null
}