{
  "id": "d0d2e728-82a0-44ba-9fbe-e40643b6d1c4",
  "songId": "246bc1b9-32b4-40dc-8bea-708cda48a9f5",
  "label": "lyrics.txt",
  "content": "I can hear tomorrow’s voice call out and lure me,\nIn the silver dew, it rings out like a bell;\nAnd the path that stretches beckoning before me\nMakes me dizzy like a children’s carousel.\n\nO beautiful tomorrow, don’t lead me into sorrow,\nBe kind to me, tomorrow, don’t lead me astray;\nI’ll chart a course to follow to lead me to tomorrow,\nTo beautiful tomorrow I start to make my way.\n\nI can hear tomorrow call me on a journey\nTo a world of wondrous beauty, far away;\nI can hear it ask me urgently and sternly:\nFor tomorrow’s sake what have I done today?\n\nO beautiful tomorrow, don’t lead me into sorrow,\nBe kind to me, tomorrow, don’t lead me astray;\nI’ll chart a course to follow to lead me to tomorrow,\nTo beautiful tomorrow I start to make my way.\n\nNow I’ll strive to be both kinder and more honest\nAnd I’ll never leave a suff’ring friend behind;\nI am called for help and come as I have promised;\nI will blaze a trail if there’s no path to find.\n\nO beautiful tomorrow, don’t lead me into sorrow,\nBe kind to me, tomorrow, don’t lead me astray;\nI’ll chart a course to follow to lead me to tomorrow,\nTo beautiful tomorrow I start to make my way.\n\nO beautiful tomorrow, don’t lead me into sorrow,\nBe kind to me, tomorrow, don’t lead me astray;\nI’ll chart a course to follow to lead me to tomorrow;\n\nTo beautiful tomorrow ---\n I start to make my way.",
  "audioUrl": null,
  "previousVersionId": "2f022a1d-5f6e-48c2-9c2c-9e545e951775",
  "nextVersionId": "117ac540-5e12-4616-8e29-98dbe8447880",
  "originalVersionId": "0927306b-e093-491e-9b60-aa2283b01399",
  "renderedContent": null,
  "bpm": null,
  "transpose": null,
  "archived": false,
  "createdBy": "secularsolstice-import",
  "createdAt": "2025-03-23T17:03:58.000Z",
  "dbCreatedAt": "2025-12-22T09:49:25.821Z",
  "slidesMovieUrl": null,
  "slideMovieStart": null,
  "slideCredits": null,
  "programCredits": null,
  "blobUrl": null
}