{
  "id": "46d153fb-4d51-42f1-aef8-41f5ffcc5b58",
  "songId": "246bc1b9-32b4-40dc-8bea-708cda48a9f5",
  "label": "Beautiful Tomorrow SATB v1.4.pdf",
  "content": null,
  "audioUrl": null,
  "previousVersionId": "60931bd4-f92b-4a02-bb14-e5265f6f0e68",
  "nextVersionId": "9a980da6-6777-402d-902c-d33884de8b71",
  "originalVersionId": "0927306b-e093-491e-9b60-aa2283b01399",
  "renderedContent": null,
  "bpm": null,
  "transpose": null,
  "archived": false,
  "createdBy": "secularsolstice-import",
  "createdAt": "2025-03-23T17:03:58.000Z",
  "slidesMovieUrl": null,
  "slideMovieStart": null,
  "slideCredits": null,
  "programCredits": null,
  "blobUrl": "https://rjtgd9k2jkfrnhfb.public.blob.vercel-storage.com/song-246bc1b9-32b4-40dc-8bea-708cda48a9f5/import-1766366267593-Beautiful_Tomorrow_SATB_v1.4.pdf"
}