{
  "id": "b04c041e-0085-42c6-8c52-fa68d692b6f8",
  "songId": "13447f9e-488a-4adc-bf0b-ea702fe8885f",
  "label": "Bound And Consecrate.md",
  "content": "# Bound and Consecrate\n## By Daniel Speyer\n\nNow that we're warmed up, let me welcome you properly to the 2018 New York Solstice.\n\nWe gather now, at the darkest time of year, to face darkness.  Because winter used to be scary, and it is still a good time to face fear.\n\nWe gather here, in this theatre, because it available, affordable, and almost big enough.  So it goes.\n\nWhere we are affects who we are.  We should not come to this night as our theater-going selves, but as something deeper.  So let's do something about that.\n\nLet us bound this space.  That is, let us set boundaries for it, to divide it from the outside world.  From wall to wall, including the AV booth in the back, is ours.  The outside world is... outside.\n\nAnd let us consecrate this space.  This is not just our space for conducting ordinary business, but for this special occasion.\n\nIn that spirit, I ask you to rise and turn to the East (that way) with me...\n\nBy the virtues of East,\nBy the rising sun and the innocent curiosity of youth,\nLet us bound and consecrate this space.\n\nOn all other nights, we filter incoming ideas lest we be overwhelmed.\nOn this night, let us resolve to consider all we hear.\n\n(And together we say)\n\n*By the virtues of East, we bound and consecrate this space.*\n\n(Please turn to the south)\n\nBy the virtues of South,\nBy heat, passion and will.\nLet us bound and consecrate this space.\n\nOn all other nights, we live among outsiders, and worry what they will think of us.\nOn this night, we are in our own space. We have claimed it by our will. Outsiders and their opinions can stay out.\n\n*By the virtues of South, we bound and consecrate this space.*\n\nBy the virtues of West,\nBy the setting sun and the wisdom of age,\nLet us bound and consecrate this space.\n\nOn all other nights, we worry over our immediate tasks and obligations.\nOn this night, let us strive to perceive the vast expanse of history.\n\n*By the virtues of West, we bound and consecrate this space.*\n\nBy the virtues of North,\nBy the solidarity and friendship we share with one another\nLet us bound and consecrate this space.\n\nOn all other nights, we are scattered.\nTonight, we sit together. We support each other. We are one people.\n\n*By the virtues of North, we bound and consecrate this space.*\n\n(Please face me and look down)\n\nBy the virtues of Down,\nBy pain, guilt and fear -- the great gifts no one wants,\nLet us bound and consecrate this space.\n\nOn all other nights, we flinch from the worst possibilities, either for our own sake or to avoid looking weak to a predator.\nTonight, as one people, we face the darkness squarely.\n\n*By the virtues of Down, we bound and consecrate this space.*\n\nBy the virtues of Up,\nBy the stars and the hope and ambition to reach them,\nLet us bound and consecrate this space.\n\nOn all other nights, we hide our greatest ambitions, lest we be thought of as cheating at status games.\nTonight we speak them openly, and remember that however distant they may be, they are good ambitions.\n\n*By the virtues of Up, we bound and consecrate this space.*",
  "audioUrl": null,
  "previousVersionId": null,
  "nextVersionId": null,
  "originalVersionId": "b04c041e-0085-42c6-8c52-fa68d692b6f8",
  "renderedContent": null,
  "bpm": null,
  "transpose": null,
  "archived": false,
  "createdBy": "secularsolstice-import",
  "createdAt": "2025-03-23T17:03:58.000Z",
  "dbCreatedAt": "2025-12-22T09:49:25.821Z",
  "slidesMovieUrl": null,
  "slideMovieStart": null,
  "slideCredits": null,
  "programCredits": null,
  "blobUrl": null
}