{
  "id": "d126ce66-b489-407e-9e18-e347d6957958",
  "songId": "b5f2b371-da8e-48c9-93ba-42d61de7a004",
  "label": "gen/thumb.png",
  "content": null,
  "audioUrl": null,
  "previousVersionId": null,
  "nextVersionId": null,
  "originalVersionId": "d126ce66-b489-407e-9e18-e347d6957958",
  "renderedContent": null,
  "bpm": null,
  "transpose": null,
  "archived": false,
  "createdBy": "secularsolstice-import",
  "createdAt": "2025-12-22T08:31:11.000Z",
  "dbCreatedAt": "2025-12-23T21:09:48.041Z",
  "slidesMovieUrl": null,
  "slideMovieStart": null,
  "slideCredits": null,
  "programCredits": null,
  "blobUrl": "https://rjtgd9k2jkfrnhfb.public.blob.vercel-storage.com/song-b5f2b371-da8e-48c9-93ba-42d61de7a004/import-1766524187258-gen-thumb.png"
}