{
  "id": "4ed8e8bc-3e5c-4531-a421-cf742d6d4578",
  "songId": "a141f954-1497-49fa-83b3-51599dbc4855",
  "label": "gen/Ballad of Smallpox Gone-chord-sheet.pdf",
  "content": null,
  "audioUrl": null,
  "previousVersionId": null,
  "nextVersionId": null,
  "originalVersionId": "4ed8e8bc-3e5c-4531-a421-cf742d6d4578",
  "renderedContent": null,
  "bpm": null,
  "transpose": null,
  "archived": false,
  "createdBy": "secularsolstice-import",
  "createdAt": "2025-12-22T08:31:11.000Z",
  "dbCreatedAt": "2025-12-23T21:09:43.096Z",
  "slidesMovieUrl": null,
  "slideMovieStart": null,
  "slideCredits": null,
  "programCredits": null,
  "blobUrl": "https://rjtgd9k2jkfrnhfb.public.blob.vercel-storage.com/song-a141f954-1497-49fa-83b3-51599dbc4855/import-1766524182593-gen-Ballad_of_Smallpox_Gone-chord-sheet.pdf"
}