{
  "id": "b634d916-119a-4f1a-99a5-984f906af2e5",
  "songId": "512003b4-c3a3-40ae-ab5a-de7d405e3ccf",
  "label": "README.md",
  "content": "# Bridge over Troubled Water\n## By Paul Simon and Art Garfunkel\n## A promise of support\n\nAn outside song. [Original recording with lyrics](https://www.youtube.com/watch?v=H_a46WJ1viA)",
  "audioUrl": null,
  "previousVersionId": null,
  "nextVersionId": "0116e281-dfce-46b4-87ee-af7061c8f47e",
  "originalVersionId": "b634d916-119a-4f1a-99a5-984f906af2e5",
  "renderedContent": null,
  "bpm": null,
  "transpose": 0,
  "archived": false,
  "createdBy": null,
  "createdAt": "2025-11-23T22:23:38.107Z",
  "dbCreatedAt": "2025-12-22T09:49:25.821Z",
  "slidesMovieUrl": null,
  "slideMovieStart": null,
  "slideCredits": null,
  "programCredits": null,
  "blobUrl": null
}