{
  "id": "194616fb-6bc9-44fd-a5d8-98e36ecc4c1f",
  "songId": "a8d72324-cd9e-4d9f-b603-2675180bd11c",
  "label": "lyrics.txt",
  "content": "A thousand stars erect a shrine\nof wordless worlds embracing night.\nA candle blooms and spreads its shine\nand fills our hearts with such delight.\n\nWithin its silence we rejoice,\nenraptured by this blissful light,\nas if this shrine could have a voice\nthat rings throughout this solstice night.\n\nFrom now the darkness falls away\nfor we have lit this light of ours.\nInto next years it shows our way\non through these silent, starlit hours.",
  "audioUrl": null,
  "previousVersionId": "7eab3275-a835-4d5d-99f9-f69f67bdaf7d",
  "nextVersionId": "316de8c5-a7b0-4af2-a2a8-77ed853ea624",
  "originalVersionId": "9ec3e9fb-15d3-4098-b0cd-aad352684e50",
  "renderedContent": null,
  "bpm": null,
  "transpose": null,
  "archived": false,
  "createdBy": "secularsolstice-import",
  "createdAt": "2025-03-23T17:03:58.000Z",
  "slidesMovieUrl": null,
  "slideMovieStart": null,
  "slideCredits": null,
  "programCredits": null,
  "blobUrl": null
}