{
  "id": "384b8dae-fa17-4267-80f6-d2938d02d48b",
  "songId": "347696de-4291-4522-8a51-84927ed8129c",
  "label": "nuclearWinter.cho",
  "content": "A5\n_Sun barely shining _across the horizon\nA5\n_Little one, little one, _bitter wind blown…\nAm\n_Black rain is dripping down _silhouettes brittle, oh\nA5/F A5/G\n_Little one, little one, _bitter wind blown…\n\nA5\n_Watching you wither in Little Boy’s wake, oh\nF5\n_Little one, little one, bitter wind blown…\nAm\n_And seeing you shake as you fold the last papercrane, oh\nF\n_Little one, little one, bitter wind blown…\n\nDm C\n_Sun, sailing a_way\nC G\nI don't know _where... I don’t know _why…\nDm C\n_Sky, darkening _grey,\nC G\nWishing there _weren’t so many good_byes...\n\nC G Am\n_Little one, _little one _why...\nG Am \n_Little one _why...\n\nAm Am Am\n...\n\n[Violin Solo]\nAm F Am F\n_... _... _... _...\n\n\nAm\nMight be a winter like never been sown before\nF\nLittle one, little one, bitter wind blown…\nAm\nPhysicists knowing sin, can’t be be un-known, oh \nF\nLittle one, little one, bitter wind blown…\n\nAm\nPetrov and Arkhipov hanging by threads, oh\nF\nLittle one, little one, bitter wind blown…\nAm\nKhrushchev and Kennedy tangled in their own webs\nF\nLittle one, little one, bitter wind blown…\n\nAm\nBut step by step, hotline and parley and precedent\nLittle one, little one, bitter wind blown…\nAm\nProtest and pact inching back from the precipice,\nLittle one, little one, bitter wind blown…\n\nAm\nAnd our children keep watch to keep winter from coming\nLooking and laboring, doing what must be done\nAm\nLittle one, little one, bitter wind blown…\nF\nLittle one, little one, bitter wind blown…\n\nDm C\n_Sun, sailing a_way\nC G\nI don't know _where... I don’t know _why…\nDm C\n_Sky, darkening _grey,\nC G\nWishing there _weren’t so many good_byes...\n\nC G Am\n_Little one, _little one _why...\nG Am \n_Little one _why...\n\n\nAnd maybe some good folk are still gonna die\nLittle one, little one, bitter wind blown…\n…\nTheir mothers shake helpless with rage and denial\nLittle one, little one, bitter wind blown…\n\nBut maybe it might be less lasting a sorrow,\nLittle one, little one, bitter wind blown…\n…\nStill mothers left to dig more graves tomorrow\nLittle one, little one, bitter wind blown…\n",
  "audioUrl": null,
  "previousVersionId": "40b02786-f9b1-427d-84cf-63d8f5cdbb50",
  "nextVersionId": "845361d0-c8fe-4b64-bbd1-16a8167704a7",
  "originalVersionId": "49d94df1-03e7-4480-b54e-2f9bb0567498",
  "renderedContent": null,
  "bpm": 100,
  "transpose": 0,
  "archived": false,
  "createdBy": "Raymond",
  "createdAt": "2025-11-29T00:35:52.426Z",
  "slidesMovieUrl": null,
  "slideMovieStart": null,
  "slideCredits": null,
  "programCredits": null,
  "blobUrl": null
}