{
  "id": "d0d2afae-4f11-4b0d-8527-2bea5b574a00",
  "songId": "ee93ad59-71e8-43a3-9d8d-29af513ce4c4",
  "label": "gen/index.html",
  "content": "<html>\n  <head>\n    <title> Bitter Wind Blown</title>\n    <meta charset=\"utf-8\">\n\t<meta name=\"viewport\" content=\"width=device-width initial-scale=1.0\">\n    <link rel=stylesheet href=../../../theme.css>\n    <script src='../../../theme-switcher.js'></script>\n    <meta property='og:image' content='https://secularsolstice.github.io/songs/Bitter_Wind_Blown/gen/thumb.png' />\n    <meta name='twitter:image' content='https://secularsolstice.github.io/songs/Bitter_Wind_Blown/gen/thumb.png' />\n    <meta property='og:title' content=' Bitter Wind Blown' />\n    <meta property='og:description' content=' //  By Raymond Arnold //  A lullaby for a child that is shivering in the cold // ' />\n  </head>  <body> \n    <div class=header>\n      <a href=\"/\">Home</a>\n      <a href=\"/lists/gen/All_Songs.html\">Songs</a>\n      <a href=\"/lists/gen/All_Speeches.html\">Speeches</a>\n      <a href=\"/misc/gen/Programs.html\">Programs</a>\n    </div>\n<div class=notes>\n<h1 id=\"bitter-wind-blown\">Bitter Wind Blown</h1>\n<h2 id=\"by-raymond-arnold\">By Raymond Arnold</h2>\n<h2 id=\"a-lullaby-for-a-child-that-is-shivering-in-the-cold\">A lullaby for a child that is shivering in the cold</h2>\n<p>This song takes on the “winter” concept most directly: the cold and darkness and <em>danger</em> for the unprepared.</p>\n<p>In some places, it is referred to as “Bitter Wind Lullaby” to distinguish it from the later <a href=\"../../Bitter_Wind_March/gen/\">Bitter Wind March</a></p>\n<p>This song is available for sale via bandcamp in <a href=\"https://humanistculture.bandcamp.com/\">all three albums</a>.</p>\n<p><a href=\"https://www.jefftk.com/solstice-2020/01-bitter-wind-blown--2020-12-20-011646.mp3\">A recording of this from the 2020 North American Distributed Chorus</a> is available.</p>\n<p>A <a href=\"https://www.youtube.com/watch?v=VNIaA5WJaHE\">Bayesian Choir Performance</a> of this song was on Youtube, and still probably exists somewhere.</p>\n<p><a href=https://github.com/SecularSolstice/SecularSolstice.github.io/edit/master/songs/Bitter_Wind_Blown/README.md class=editbutton>edit description</a></p>\n</div>\n<h2>Lyrics</h2><p class=lyrics>\n Little one, little one, bitter wind blown<br>\n Little one, little one, bitter wind blown<br>\n Little one, little one, bitter wind blown<br>\n Little one, little one, bitter wind blown<br>\n&nbsp; &nbsp; &nbsp; (skip)<br>\n Sun barely rising a-bove the hor-izon<br>\n Little one, little one, bitter wind blown<br>\n Flowers are withering, naked bark brittle oh,<br>\n Little one, little one, bitter wind blown<br>\n Don't understand why the light would abandon us,<br>\n Little one, little one, bitter wind blown<br>\nAnd I don't know how much more he may demand of us<br>\n Little one, little one, bitter wind blown<br>\n Sun, sailing a - way I don't know<br>\n Where... I don’t know why…<br>\n Sky, darkening grey, wishing there<br>\n weren’t so  man-y  good - byes...<br>\n little one, little one why...<br>\n little one  why...<br>\n Asking me questions I don't have the answers to<br>\n Little one, little one, bitter wind blown<br>\n Watching you shiver, and I dont know what to do<br>\n Little one, little one, bitter wind blown<br>\n Maybe if     we did the dance said the words just right<br>\n Little one, little one, bitter wind blown<br>\n Maybe he'd  come back may-be things would be all right t<br>\n Little one, little one, bitter wind blown<br>\n Sun, sailing a - way I don't know<br>\n Where... I don’t know why…<br>\n Sky, darkening grey, wishing there<br>\n weren’t so  man-y  good - byes...<br>\n little one, little one why...<br>\n little one  why...<br>\n little one  why...<br>\n</p>\n<h2>Files</h2><ul>\n<li><a href=Bitter_Wind_Blown-chord-chart.html>Bitter_Wind_Blown-chord-chart.html</a>\n<li><a href=Bitter_Wind_Blown-lyrics.txt>Bitter_Wind_Blown-lyrics.txt</a>\n<li><a href=thumb.png>thumb.png</a>\n<li><a href=../chart.csv>chart.csv</a>\n<a href=https://github.com/SecularSolstice/SecularSolstice.github.io/edit/master/songs/Bitter_Wind_Blown/chart.csv class=editbutton>edit</a>\n</ul>\n<a class=rawgit href=https://github.com/SecularSolstice/SecularSolstice.github.io/tree/master/songs/Bitter_Wind_Blown>Raw Git Folder</a>\n</body></html>\n",
  "audioUrl": null,
  "previousVersionId": null,
  "nextVersionId": null,
  "originalVersionId": "d0d2afae-4f11-4b0d-8527-2bea5b574a00",
  "renderedContent": null,
  "bpm": null,
  "transpose": null,
  "archived": false,
  "createdBy": "secularsolstice-import",
  "createdAt": "2025-12-22T08:31:11.000Z",
  "dbCreatedAt": "2025-12-23T21:09:48.293Z",
  "slidesMovieUrl": null,
  "slideMovieStart": null,
  "slideCredits": null,
  "programCredits": null,
  "blobUrl": null
}