{
  "id": "a71bca2e-1e33-4acf-88a0-0a91f8081939",
  "songId": "a141f954-1497-49fa-83b3-51599dbc4855",
  "label": "lyrics.txt",
  "content": "Old king plague is dead\nThe smallpox plague is dead\nNo more children dying hard\nNo more cripples living scarred\nWith the marks of the devil's kiss\nWe still may die of other things, but we will not die of this\n\nRaise your glasses high\nFor all who will not die\nTo all the doctors, nurses too\nAnd all the lab technicians who\nDrove it into the ground\nIf the whole UN does nothing else, it cut this terror down\n\nBut scarce the headlines said\nThe ancient plague was dead\nThey were filled with weapons new\nToxic waste and Herpes too\nAnd the AIDS scare coming on\nTen new plagues will take its place but at least this one is gone\n\nPopulation soars\nChecked with monstrous wars\nPreachers rant at birth control\nScrew the body, save the soul\nBring new deaths off the shelves\nAnd say to Nature, \"Mother, please, we'd rather do it ourselves\"\n\nOld king plague is dead\nThe smallpox plague is dead\nNo more children dying hard\nNo more cripples living scarred\nWith the marks of the devils kiss\nWe still may die of other things, but we will not die of this\nOh no!\nWe still may die of other things, but we will not die of this!\n",
  "audioUrl": null,
  "previousVersionId": "43198641-8d5a-41db-bf4a-d4115e7eaaa8",
  "nextVersionId": null,
  "originalVersionId": "e505cd77-5db1-4803-95f2-8a5c1bb39720",
  "renderedContent": null,
  "bpm": null,
  "transpose": null,
  "archived": false,
  "createdBy": "secularsolstice-import",
  "createdAt": "2025-03-23T17:03:58.000Z",
  "slidesMovieUrl": null,
  "slideMovieStart": null,
  "slideCredits": null,
  "programCredits": null,
  "blobUrl": null
}