{
  "id": "6f777ee6-cff9-429e-8f43-7c67c7012294",
  "songId": "a6e1f99b-b091-46a7-baf1-9b137515b52f",
  "label": "2025-bay.cho",
  "content": "F#m Bm Bm E(sus)\nF# F# E Bm\nG Em D D A Bm\n\n\nD A Bm G\nD A Bm G\nBm G D A\nBm G D A A . G D\nCountless winter nights ago\nA woman shivered in the cold\nCursed the skies and wondered why\nThe gods invented pain\n–\nAching, angry flesh and bone\nBitterly she struck the stone\n'Til she saw the sudden spark\nOf light and golden flame\n\nShe showed the others but they told her\nShe was not fit to control\nThe primal forces that the gods\nEncloaked in mystery\n–\nBut she would not be satisfied\nAnd though she trembled, she defied them\nTook her torch and raised it high\nSet afire history\n\n\nG Bm D A\nG Bm D A . F#m_A .\nBm G Bm A\nD D . . A_C#\nOh, tomorrow can be brighter than today\nAlthough the night is cold\nThe stars may seem so very far away\nBut courage, hope, and reason burn\nIn every mind, each lesson learned\nShining light to guide our way\nMake tomorrow brighter than today\n\n(Oh ohhh oohhhh)\n\nBrighter than today\n\n\nBm G D A\nBm G D A\nAges long forgotten now\nWe built the wheel and then the plow\nTilled the earth and proved our worth\nAgainst the drought and snow\nSoon we had the time to fathom\nMountain peaks and tiny atoms\nBeating hearts, electric sparks\nSo much more to know\n\n\nG Bm D A\nG Bm D A . F#m_A .\nBm G Bm G\nBm A D D . . A_C#\nTomorrow can be brighter than today\nAlthough the night is cold\nThe stars may seem so very far away\n(Stars may seem so very far away)\nBut courage, hope, and reason grow\nWith every passing season so we'll\nDrive the darkness far away\nMake tomorrow brighter than today\n\n(Oh ohhh oohhhh)\n(Oh ohhh oohhhh)\n\nBrighter than today\n\n\nBm G D A\nBm G D A\nThe universe may seem unfair\nThe laws of nature may not care\nStorms and quakes, our own mistakes\nThey nearly doused our flame\nBut all these trials we've endured\nThe lessons learned, diseases cured\nAgainst our Herculean task\nWe've risen to proclaim\n\n\nG Bm D A\nG Bm D A . F#m_A .\nBm G Bm G Bm G\nBm A D\nTomorrow can be brighter than today\nAlthough the night is cold\nThe stars may seem so very far away\nBut futures can unfold\nWhere courage, hope, and reason bloom\nAcross the world and one day we could\nRise up to the stars and say\nMake tomorrow brighter than today\n\n[choir]\n(Oh ohhh oohhhh)\n(Oh ohhh oohhhh)\n(Oh ohhh oohhhh)\n\nBrighter than today\n",
  "audioUrl": "https://suno.com/song/bebf6220-74d4-4763-bda3-0d52335d385b",
  "previousVersionId": "44ba2c64-154d-491b-9a86-dc0d4a5ddbdd",
  "nextVersionId": "0629534c-c9b2-45cb-a7c0-af6bb80e7ba7",
  "originalVersionId": "7dde9a7a-6317-4848-8b3d-11e39f924fcb",
  "renderedContent": null,
  "bpm": 100,
  "transpose": 0,
  "archived": false,
  "createdBy": null,
  "createdAt": "2025-11-27T22:00:34.554Z",
  "slidesMovieUrl": null,
  "slideMovieStart": null,
  "slideCredits": null,
  "programCredits": null,
  "blobUrl": null
}