{
  "id": "7d92620e-802f-4d85-8237-99ad4b85c116",
  "songId": "347696de-4291-4522-8a51-84927ed8129c",
  "label": "gen/Bitter Wind March-chord-sheet.pdf",
  "content": null,
  "audioUrl": null,
  "previousVersionId": null,
  "nextVersionId": null,
  "originalVersionId": "7d92620e-802f-4d85-8237-99ad4b85c116",
  "renderedContent": null,
  "bpm": null,
  "transpose": null,
  "archived": false,
  "createdBy": "secularsolstice-import",
  "createdAt": "2025-12-22T08:31:11.000Z",
  "dbCreatedAt": "2025-12-23T21:09:52.143Z",
  "slidesMovieUrl": null,
  "slideMovieStart": null,
  "slideCredits": null,
  "programCredits": null,
  "blobUrl": "https://rjtgd9k2jkfrnhfb.public.blob.vercel-storage.com/song-347696de-4291-4522-8a51-84927ed8129c/import-1766524191787-gen-Bitter_Wind_March-chord-sheet.pdf"
}