{
  "id": "473b315c-cf6c-4210-a9a7-2d2376b75347",
  "songId": "7fe28590-8f71-424e-bd6e-3cb4bbf840b4",
  "label": "gen/thumb.png",
  "content": null,
  "audioUrl": null,
  "previousVersionId": null,
  "nextVersionId": null,
  "originalVersionId": "473b315c-cf6c-4210-a9a7-2d2376b75347",
  "renderedContent": null,
  "bpm": null,
  "transpose": null,
  "archived": false,
  "createdBy": "secularsolstice-import",
  "createdAt": "2025-12-22T08:31:11.000Z",
  "dbCreatedAt": "2025-12-23T21:09:43.184Z",
  "slidesMovieUrl": null,
  "slideMovieStart": null,
  "slideCredits": null,
  "programCredits": null,
  "blobUrl": "https://rjtgd9k2jkfrnhfb.public.blob.vercel-storage.com/song-7fe28590-8f71-424e-bd6e-3cb4bbf840b4/import-1766524182385-gen-thumb.png"
}