{
  "id": "e88e4199-7edb-4de5-a3b3-b6b61d8d4266",
  "songId": "a394c47e-f843-4676-9a9f-84c28288d2c7",
  "label": "sheet-music.ly",
  "content": "\\version \"2.18.2\"\n\n\\header {\n  title = \"Beyond All Towers\"\n  subtitle = \"a.k.a. In Western Lands\"\n  composer = \"Clamavi de Profundis\"\n  arranger = \"Daniel Speyer\"\n  poet = \"J.R.R. Tolkein\"\n  copyright = \"CC-SA-BY\"\n}\n\nsamwords = \\lyricmode {\n  In west -- ern lands be -- neath the Sun\n  the flowers may rise in Spring,\n  the trees may bud, the w -- a -- ters run,\n  the mer -- ry finch -- es sing.\n  Or there may -- be 'tis cloud -- less night\n  and sway -- ing beech -- es bear\n  the Elv -- en stars as jew -- els white\n  a -- mid their branch -- ing hair.\n \n  Though here at jour -- ney's end I lie\n  in dark -- ness bur -- ied deep,\n  be -- yond all tow -- ers strong and high,\n  be -- yond all moun -- tains steep,\n  a -- bove all sha -- dows rides the Sun\n  and Stars for ev -- er dwell:\n  I will not say the Day is done,\n  nor bid the Stars fare -- well.\n}\n\n% lyricnote: Frodo's Part (overlapping)\nfrodowords = \\lyricmode {\n  Here at jour -- ney's end I lie\n  in dark -- ness bur -- ied deep, Ah\n}\n\nmk = #(if (ly:get-option 'raise) #{ f #} #{ c #} )\nmkg = #(if (ly:get-option 'raise) #{ f, #} #{ c #} )\n\nfrodo =  \\transpose c \\mk \\relative c' {\n  \\clef #(if (ly:get-option 'raise) \"treble\" \"treble_8\")\n  \\numericTimeSignature\n  \\repeat unfold 33 {s1} s2\n  a4. b8 c4. b8 c4 a g2 r1\n  r8 e d' c b4 c g2 r \n  r1 r4 d'4( c2) \\break\n}\n\nsam =  \\transpose c \\mk \\relative c {\n  \\numericTimeSignature\n  \\clef #(if (ly:get-option 'raise) \"treble\" \"treble_8\")\n  \\key g \\minor\n  r1 r r r r r r r r\n  r2 r4. d8 g4 a bes4. a16( g) f4. g8 d4.\n  d8 g4 a bes c a1\n  r4. d,8 g4 a bes4. a16( g) \\tuplet 3/8 {f g a } d,4.\n  d8 d'4 c \\time 2/4 a8 f4. \\time 4/4 g1\n  r4. d'8 f4 g bes,4. g8 ees'4 d c4.\n  c8 d4 c bes2 a g4 r8 d' f4 g bes,4.\n  g8 c4 d c4. bes8 a4 f bes2 c g1\n  \\key a \\minor\n  r1 r r r\n  r2 r8 e a b c2 ~ c8 b16( a) g8 a e2\n  r8 e a b c4 d b2 ~ b2\n  r8 e, a b c2 ~ c8 b16( a) g8 a e2\n  r4 r8 a e'4 g d8 g,4. a1\n  r2 r8 d e16 g8. a4. g8 d4. r16 c e2.\n  r8 a, g'4. fis8 d16 c8. ~ c4 e2\n  r8 e, a b c2 ~ c8 b16( a) g8 a16( b) a2.\n  r8 a e'4. d8 b2 r r4 r8 g8 ( a8) a ~ a2. r1\n}\n\ncello =  \\transpose c \\mk \\relative c {\n  \\numericTimeSignature\n  \\key g \\minor\n  \\clef \"bass\"\n  f,1 g ~ g ~\n  g2 ~g4. d8 g4 a bes4. a16( g) f4. g8 d4.\n  d8 g4 a bes c g1 d' ~ d ~ d ~ d ~ d a\n  <d a'> <g d'> <d a'> <f c'>2 <g, g'>1\n  d <g g'>2 <ees bes'> <c c'> <d' d'> <bes f'> <a d> <g g'>1\n  <bes f'>2 <c, c'> <c c'> <a' f'> <bes f'> <c g'> <g g'>1\n  \\key a \\minor\n  g4 a2. b8 a g2. a2 b8 a g4 <c a'>1 \n  e1 <c, c'> <g' g'> <c, c'>2 <b' e,>2 ~ <b e,>\n  <a e'> <c, c'>1 <d' d'> <g, g'> <a e'>\n  <c, c'>1 ~ <c c'> <g' g'> ~ <g g'>  <c, c'> ~\n  <c c'> <a' e'> <e' b'>2 <e, b'>2 ~ <e b'>2. r8 <g g'>8 <a c>4  <a e'>2  <c, >4 ~ <c >2 a'2\n  \n}\n\nguitar =  \\transpose c \\mkg \\relative c'' {\n  \\numericTimeSignature\n  \\key g \\minor\n  \\clef \"treble\"\n  \\chordmode {\n    r1 r1 g:m g2:m d4:m r8 g:m\n    r2 bes r d:m\n    g4:1.3- a:1.3- bes:1.3 c':1.3-\n    g1:m\n  }\n  d,4 f a d f a f r\n  r1\n  \\chordmode {\n    f2 d':m g4:1.3- a:1.3- bes:1.3 c':1.3- f1\n    d2:m g:m bes f d:m d':m f g1:m\n    d'2:m g4:m a:1 bes4. g8:1 ees4 g:1 c'4.:m g8:1 d4:m ees:1 g2:m7 f:7 ees:7+ r\n    g:m a4:1 bes:1 c2:m a4:1 f:1 g2:m7 c':m7 g1:m\n  }\n  \\key a \\minor\n  \\chordmode {\n    d4:m f f8:1 a:1 c':1 f':1 d:m c g4 g'8:1 d':1 b:1 g:1 a2:m g8 f e4:m a:m d:m e:m c\n    r1 c e2:1.4.5 r8 e:1 a:1 b:1 c'4 d':m g2:7\n    r1 c2. g4 e'2:m r a4:1.5 g':1.5 g8:1.5 g,4.:1.5 a1:m\n    r1 r r r r c2. g4 a:m7 c':1 e':1 r e2:m g:7\n  }\n  g,4  b  d  g r2. g4 e c a r\n}\n\n\\score {\n  <<\n      \\new Voice = \"one\" {\n         \\tempo 4 = 84\n         \\set Staff.midiInstrument = #\"voice oohs\"\n         \\set Staff.midiMinimumVolume = #0.8\n         \\set Staff.midiMaximumVolume = #1\n         \\set Staff.instrumentName = #\"Sam\"\n         \\set Staff.shortInstrumentName = #\"S\"\n         \\sam\n       }\n      \\new Lyrics \\lyricsto \"one\" {\n         \\samwords\n       }\n      \\new Voice = \"frodo\" {\n         \\tempo 4 = 84\n         \\set Staff.midiInstrument = #\"clarinet\"\n         \\set Staff.midiMinimumVolume = #0.8\n         \\set Staff.midiMaximumVolume = #1\n         \\set Staff.instrumentName = #\"Frodo\"\n         \\set Staff.shortInstrumentName = #\"F\"\n         \\frodo\n       }\n      \\new Lyrics \\lyricsto \"frodo\" {\n         \\frodowords\n       }\n      \\new Voice {\n         \\tempo 4 = 84\n         \\set Staff.midiInstrument = #\"Acoustic Guitar (Nylon)\"\n         \\set Staff.midiMinimumVolume = #0.4\n         \\set Staff.midiMaximumVolume = #0.6\n         \\set Staff.instrumentName = #\"Guitar\"\n         \\set Staff.shortInstrumentName = #\"G\"\n         \\guitar\n       }\n      \\new Voice {\n         \\tempo 4 = 84\n         \\set Staff.midiInstrument = #\"cello\"\n         \\set Staff.midiMinimumVolume = #0.4\n         \\set Staff.midiMaximumVolume = #0.6\n         \\set Staff.instrumentName = #\"Cello\"\n         \\set Staff.shortInstrumentName = #\"C\"\n         \\cello\n       }\n  >>\t\n  \\layout {\n    \\context {\n      \\Staff\n      \\RemoveEmptyStaves\n    }\n  }\n  \\midi {}\n}\n",
  "audioUrl": null,
  "previousVersionId": "6be33753-acb6-4daf-8e94-0e74c1478865",
  "nextVersionId": null,
  "originalVersionId": "e933e500-00b6-42a8-9143-59d0d785be41",
  "renderedContent": null,
  "bpm": null,
  "transpose": null,
  "archived": false,
  "createdBy": "secularsolstice-import",
  "createdAt": "2025-03-23T17:03:58.000Z",
  "dbCreatedAt": "2025-12-22T09:49:25.821Z",
  "slidesMovieUrl": null,
  "slideMovieStart": null,
  "slideCredits": null,
  "programCredits": null,
  "blobUrl": null
}