{
  "id": "2491dedf-d4b3-4bc9-a2ba-4fef9102d3cf",
  "songId": "347696de-4291-4522-8a51-84927ed8129c",
  "label": "gen/Bitter Wind March-chord-sheet-2col.pdf",
  "content": null,
  "audioUrl": null,
  "previousVersionId": null,
  "nextVersionId": null,
  "originalVersionId": "2491dedf-d4b3-4bc9-a2ba-4fef9102d3cf",
  "renderedContent": null,
  "bpm": null,
  "transpose": null,
  "archived": false,
  "createdBy": "secularsolstice-import",
  "createdAt": "2025-12-22T08:31:11.000Z",
  "dbCreatedAt": "2025-12-23T21:09:51.251Z",
  "slidesMovieUrl": null,
  "slideMovieStart": null,
  "slideCredits": null,
  "programCredits": null,
  "blobUrl": "https://rjtgd9k2jkfrnhfb.public.blob.vercel-storage.com/song-347696de-4291-4522-8a51-84927ed8129c/import-1766524190832-gen-Bitter_Wind_March-chord-sheet-2col.pdf"
}