{
  "id": "4f8d3c66-ba5a-4d36-bd0c-f3a953a51f50",
  "songId": "a8d72324-cd9e-4d9f-b603-2675180bd11c",
  "label": "Makefile",
  "content": "PREFIX=A_Thousand_Stars-\nFILES_TO_LIST=lyrics.txt\n\ngen/${PREFIX}lyrics.txt: lyrics.txt\n\tcp lyrics.txt gen/${PREFIX}lyrics.txt\ninclude ../Makefile.common",
  "audioUrl": null,
  "previousVersionId": "06b46c3b-84de-43ac-9a09-a2703eedb245",
  "nextVersionId": "d8b40919-d769-4ce2-bae9-286c80bc8427",
  "originalVersionId": "9ec3e9fb-15d3-4098-b0cd-aad352684e50",
  "renderedContent": null,
  "bpm": null,
  "transpose": null,
  "archived": false,
  "createdBy": "secularsolstice-import",
  "createdAt": "2025-03-23T17:03:58.000Z",
  "slidesMovieUrl": null,
  "slideMovieStart": null,
  "slideCredits": null,
  "programCredits": null,
  "blobUrl": null
}