{
  "id": "a577f8dc-8fd6-4185-9bac-4e67fa378d0d",
  "songId": "7fe28590-8f71-424e-bd6e-3cb4bbf840b4",
  "label": "README.md",
  "content": "# Baby Genie\n## By Raymond Arnold\n## A simple AI metaphor\n\nI'm not sure there exists a melody for this one.\n\nBased on Eliezer's [Failed Utopia #4-2](http://lesswrong.com/lw/xu/failed_utopia_42/)",
  "audioUrl": null,
  "previousVersionId": "1dbcabdf-3955-4f4d-b370-38011dccd576",
  "nextVersionId": "fd7ec162-4eab-4d34-8efa-fba26e5b94b8",
  "originalVersionId": "1dbcabdf-3955-4f4d-b370-38011dccd576",
  "renderedContent": null,
  "bpm": null,
  "transpose": 0,
  "archived": false,
  "createdBy": null,
  "createdAt": "2025-11-23T22:23:34.432Z",
  "slidesMovieUrl": null,
  "slideMovieStart": null,
  "slideCredits": null,
  "programCredits": null,
  "blobUrl": null
}