{
  "id": "1dbcabdf-3955-4f4d-b370-38011dccd576",
  "songId": "7fe28590-8f71-424e-bd6e-3cb4bbf840b4",
  "label": "lyrics.txt",
  "content": "I found a baby genie, in a bottle by the sea\nSeemed so small and weak but I saw opportunity\nI knew one day before too long that djinn would grow up big and strong\nAnd grant my wish to save humanity\n\nSo, I told that Genie (told that genie)\nEverything I know\nGonna mold that genie (mold that genie)\nGonna watch ‘em grow\nCause I got one wish (I got one wish)\nA single sole demand\nAnd there’s a lotta things (there’s a lotta things)\nThat a djinn don’t understand\n\nCause a djinn don’t care (a djinn don’t care)\nWhat a wisher might intend\nAnd they’re not aware (they’re not aware)\nThat means mean just as much as much as ends\nAnd I got one wish (I got one wish)\nThat I don’t want to regret\nThere’s a lotta lessons (lotta lessons)\nEasy to forget\n\nI found a baby djinni in a bottle by the sea\nSeemed so small and weak but I saw opportunity\n\nSo what to wish for (what to wish for!)\nSo much I could ask for!\nLike world peace! (Like world peace!)\nI could end disease in Madagascar\nBut with just one wish (just one wish)\nI think it seems to me\nThat the greatest wish (that the greatest wish)\nIs for people to be happy\n\nBut the genie wondered  (genie wondered)\nCould I just give people drugs\nOr build a matrix? (build a matrix?)\nHook those humans up with plugs\nOr steer their lives (steer their lives)\nLike a puppet on some strings\nCause a baby djinn (cause a baby djinn)\nGonna think about these things\n\nI found a baby genie in a bottle by the sea\nSeemed so small and weak but I saw opportunity\n\n(key modulate up)\n\n\nSo I took precautions (took precautions!)\n99 to be precise!\nGonna make things awesome (make things awesome!)\nWishing for a world so nice\nCause I got one wish (I got one wish)\nThat I don’t want going wrong\nSo I made a list (so I made a list)\nOf rules a mile long\n\nOH SHIT!\n",
  "audioUrl": null,
  "previousVersionId": null,
  "nextVersionId": null,
  "originalVersionId": "1dbcabdf-3955-4f4d-b370-38011dccd576",
  "renderedContent": null,
  "bpm": null,
  "transpose": 0,
  "archived": false,
  "createdBy": null,
  "createdAt": "2025-11-23T22:23:34.366Z",
  "dbCreatedAt": "2025-12-22T09:49:25.821Z",
  "slidesMovieUrl": null,
  "slideMovieStart": null,
  "slideCredits": null,
  "programCredits": null,
  "blobUrl": null
}