{
  "id": "5777144d-85aa-4c34-be40-9df3ae1aae79",
  "songId": "246bc1b9-32b4-40dc-8bea-708cda48a9f5",
  "label": "Beautiful Tomorrow duet.mscz",
  "content": null,
  "audioUrl": null,
  "previousVersionId": "882530ad-76fb-4f1b-91e7-b45c846da33e",
  "nextVersionId": null,
  "originalVersionId": "0927306b-e093-491e-9b60-aa2283b01399",
  "renderedContent": null,
  "bpm": null,
  "transpose": null,
  "archived": false,
  "createdBy": "secularsolstice-import",
  "createdAt": "2025-03-23T17:03:58.000Z",
  "slidesMovieUrl": null,
  "slideMovieStart": null,
  "slideCredits": null,
  "programCredits": null,
  "blobUrl": "https://rjtgd9k2jkfrnhfb.public.blob.vercel-storage.com/song-246bc1b9-32b4-40dc-8bea-708cda48a9f5/import-1766366269199-Beautiful_Tomorrow_duet.mscz"
}