{
  "id": "d03129f3-dc34-4c5c-be94-42079ac45007",
  "songId": "87b3d6bf-3704-428c-be44-bf5894e8858c",
  "label": "gen/Always Look on the Bright Side-chord-sheet.pdf",
  "content": null,
  "audioUrl": null,
  "previousVersionId": null,
  "nextVersionId": null,
  "originalVersionId": "d03129f3-dc34-4c5c-be94-42079ac45007",
  "renderedContent": null,
  "bpm": null,
  "transpose": null,
  "archived": false,
  "createdBy": "secularsolstice-import",
  "createdAt": "2025-12-22T08:31:11.000Z",
  "dbCreatedAt": "2025-12-23T21:09:40.622Z",
  "slidesMovieUrl": null,
  "slideMovieStart": null,
  "slideCredits": null,
  "programCredits": null,
  "blobUrl": "https://rjtgd9k2jkfrnhfb.public.blob.vercel-storage.com/song-87b3d6bf-3704-428c-be44-bf5894e8858c/import-1766524180167-gen-Always_Look_on_the_Bright_Side-chord-sheet.pdf"
}