{
  "id": "df67156d-7da9-4bb6-a9ee-db72a8291470",
  "songId": "14a32df8-d011-4cb7-ada2-d6809a160472",
  "label": "Attempts Were Made.md",
  "content": "# Attempts Were Made\n## By Daniel Speyer\n\nScott Alexander once described a particular building in Europe thusly:\n\n> It seems haunted. It's beautiful enough, full of artwork praising peace and the brotherhood of mankind, complete with Latin invocations and Biblical quotes on all the walls. In the center is a great council chamber, where the delegates used to meet. But yesterday it was dead silent. There's something eerie about sitting there, in this empty room where people once tried to save the world, failed, and then disappeared...\n\nAnd you may say: the world is still here.  The horror those people fought was not literally the end of the world.\n\nStill, they gathered: the greatest idealists of the age.  The organized.  They built a grand headquarters.  All to one aim: to ensure that no matter what happened in politics or economics or technology, *there would never be a second world war*.\n\nThe building is still there.\n\nThe League of Nations was not the only such attempt.  In the wake of World War One, The Oxford Union, a debating society at that university, adopted a motion that \"This House will under no circumstances fight for its King and country\".  This promise spread throughout the world, exact phrasing changing as needed, with sixty thousand young men swearing it in the United States alone.  As the same age cohort of a later generation would say, what if they threw a war but nobody came?\n\nNevertheless, the war was thrown.  And as its nature became clear, a great many of those who had taken the oath volunteered and fought anyway.\n\nAnd some historians have argued that by making certain countries look vulnerable, the oath actually encouraged the war.  Causality in history is always hard to determine.\n\nNor were idealists the only ones making the attempts.  The maginet line was an attempt to make such a war tactically unviable.  And one can hardly fault their willingness to work hard on it.\n\nAnd the crippling sanctions were probably someone else's attempt to prevent a war.\n\nSo many attempts.  So many mistakes.  So many failures.  Or one failure, from many angles.\n\nAnd so, so many people who trusted and were disappointed.\n\nSpeaking of mistakes and untrustworthiness, I've maintained the tradition of having a deliberate error in this speech.  Just so that nobody moves from counting on some nebulous idea of 'them' keeping us safe to counting on me.\n\nBecause the warning signs of coming dangers are gathering again.  The danger of yet another world war not least among them.\n\nAnd there's still no sign of anyone we can count on.",
  "audioUrl": null,
  "previousVersionId": null,
  "nextVersionId": null,
  "originalVersionId": "df67156d-7da9-4bb6-a9ee-db72a8291470",
  "renderedContent": null,
  "bpm": null,
  "transpose": null,
  "archived": false,
  "createdBy": "secularsolstice-import",
  "createdAt": "2025-03-23T17:03:58.000Z",
  "slidesMovieUrl": null,
  "slideMovieStart": null,
  "slideCredits": null,
  "programCredits": null,
  "blobUrl": null
}