{
  "id": "09853f3e-a017-4596-97d4-d330d677c748",
  "songId": "71e34f7a-1649-4f30-b94f-7496640c696a",
  "label": "README.md",
  "content": "# And So It Goes\n## By Billy Joel\n## A lament of love, pain and acceptance\n\nAn outside song.  [Original music video](https://www.youtube.com/watch?v=FHO6a2H-pqY),  [Lyrics](https://genius.com/Billy-joel-and-so-it-goes-lyrics)",
  "audioUrl": null,
  "previousVersionId": "b44db2d6-1384-4165-b182-e5e46141cd00",
  "nextVersionId": "93252eff-53cd-4b96-ac41-4f5982a86a52",
  "originalVersionId": "b629c56e-22e3-43ec-a3bc-104ccc735e39",
  "renderedContent": null,
  "bpm": null,
  "transpose": null,
  "archived": false,
  "createdBy": "secularsolstice-import",
  "createdAt": "2025-03-23T17:03:58.000Z",
  "dbCreatedAt": "2025-12-22T09:49:25.821Z",
  "slidesMovieUrl": null,
  "slideMovieStart": null,
  "slideCredits": null,
  "programCredits": null,
  "blobUrl": null
}