{
  "id": "326d3f4a-0a27-4c4f-b94c-fe2d13f6f2bd",
  "songId": "e548dde5-6083-40c2-ae4a-678bd730b172",
  "label": "500 Years From Today.md",
  "content": "# 500 Years From Today\n\n\n500 years from today…\n\nPeople won’t have to say goodbye anymore\n\nI’ll drink tea with my great great grandchild\n\nThere will be everything for everyone, or close enough\n\nWe will have gazed at the sky under other suns\n\nWe will still have a future to build for",
  "audioUrl": null,
  "previousVersionId": null,
  "nextVersionId": null,
  "originalVersionId": "326d3f4a-0a27-4c4f-b94c-fe2d13f6f2bd",
  "renderedContent": null,
  "bpm": null,
  "transpose": null,
  "archived": false,
  "createdBy": "secularsolstice-import",
  "createdAt": "2025-03-23T17:03:58.000Z",
  "slidesMovieUrl": null,
  "slideMovieStart": null,
  "slideCredits": null,
  "programCredits": null,
  "blobUrl": null
}