{
  "id": "d7143027-9dbb-4552-ad83-a1ca1375600a",
  "songId": "70f7be23-d981-4989-a183-ba08ed0cb302",
  "label": "README.md",
  "content": "# Battle Hymn Of The Rationalist Community\n## By Scott Alexandar (Lyrics)\n## A triumphant celebration of truth and humanity\n\nTo the tune of [The Battle Hymn of the Republic](https://www.youtube.com/watch?v=Jy6AOGRsR80).\n\nPieces of this first appeared as [The Battle Hymn of the Republic of Letters](https://www.youtube.com/watch?v=2y-H2Ne_Djo) as part of the [Fermat's Last Stand Dungeons and Discourses campaign](https://slatestarcodex.com/2013/08/17/fermats-last-stand-soundtrack-and-adventure-log/).",
  "audioUrl": null,
  "previousVersionId": "bbc36035-d1be-425d-a2ea-edcbfeabd685",
  "nextVersionId": "5e76f046-7dae-47cf-b581-78982431af67",
  "originalVersionId": "33e72975-bb9d-405f-817f-ffce0f022956",
  "renderedContent": null,
  "bpm": null,
  "transpose": null,
  "archived": false,
  "createdBy": "secularsolstice-import",
  "createdAt": "2025-03-23T17:03:58.000Z",
  "slidesMovieUrl": null,
  "slideMovieStart": null,
  "slideCredits": null,
  "programCredits": null,
  "blobUrl": null
}