{
  "id": "0116e281-dfce-46b4-87ee-af7061c8f47e",
  "songId": "512003b4-c3a3-40ae-ab5a-de7d405e3ccf",
  "label": "Makefile",
  "content": "include ../Makefile.common",
  "audioUrl": null,
  "previousVersionId": "b634d916-119a-4f1a-99a5-984f906af2e5",
  "nextVersionId": "e2c9e06e-0d8a-4f23-ba67-fb295e0b6ab2",
  "originalVersionId": "b634d916-119a-4f1a-99a5-984f906af2e5",
  "renderedContent": null,
  "bpm": null,
  "transpose": null,
  "archived": false,
  "createdBy": "secularsolstice-import",
  "createdAt": "2025-03-23T17:03:58.000Z",
  "slidesMovieUrl": null,
  "slideMovieStart": null,
  "slideCredits": null,
  "programCredits": null,
  "blobUrl": null
}