{
  "id": "05837d4f-9507-4765-93f6-6593ced04350",
  "songId": "246bc1b9-32b4-40dc-8bea-708cda48a9f5",
  "label": "lyrics.txt",
  "content": "I can hear tomorrow’s voice call out and lure me,\nIn the silver dew, it rings out like a bell;\nAnd the path that stretches beckoning before me\nMakes me dizzy like a children’s carousel.\n\nO beautiful tomorrow, don’t lead me into sorrow,\nBe kind to me, tomorrow, don’t lead me astray;\nI’ll chart a course to follow to lead me to tomorrow,\nTo beautiful tomorrow I start to make my way.\n\nI can hear tomorrow call me on a journey\nTo a world of wondrous beauty, far away;\nI can hear it ask me urgently and sternly:\nFor tomorrow’s sake what have I done today?\n\nO beautiful tomorrow, don’t lead me into sorrow,\nBe kind to me, tomorrow, don’t lead me astray;\nI’ll chart a course to follow to lead me to tomorrow,\nTo beautiful tomorrow I start to make my way.\n\nNow I’ll strive to be both kinder and more honest\nAnd I’ll never leave a suff’ring friend behind;\nI am called for help and come as I have promised;\nI will blaze a trail if there’s no path to find.\n\nO beautiful tomorrow, don’t lead me into sorrow,\nBe kind to me, tomorrow, don’t lead me astray;\nI’ll chart a course to follow to lead me to tomorrow,\nTo beautiful tomorrow I start to make my way.\n\nO beautiful tomorrow, don’t lead me into sorrow,\nBe kind to me, tomorrow, don’t lead me astray;\nI’ll chart a course to follow to lead me to tomorrow;\n\nTo beautiful tomorrow ---\n I start to make my way.\n",
  "audioUrl": null,
  "previousVersionId": null,
  "nextVersionId": null,
  "originalVersionId": "05837d4f-9507-4765-93f6-6593ced04350",
  "renderedContent": null,
  "bpm": null,
  "transpose": 0,
  "archived": false,
  "createdBy": null,
  "createdAt": "2025-11-23T22:23:35.634Z",
  "dbCreatedAt": "2025-12-22T09:49:25.821Z",
  "slidesMovieUrl": null,
  "slideMovieStart": null,
  "slideCredits": null,
  "programCredits": null,
  "blobUrl": null
}